,date,school_day,holiday
0,2015-01-01,N,Y
1,2015-01-02,N,N
2,2015-01-03,N,N
3,2015-01-04,N,N
4,2015-01-05,N,N
5,2015-01-06,N,N
6,2015-01-07,N,N
7,2015-01-08,N,N
8,2015-01-09,N,N
9,2015-01-10,N,N
10,2015-01-11,N,N
11,2015-01-12,N,N
12,2015-01-13,N,N
13,2015-01-14,N,N
14,2015-01-15,N,N
15,2015-01-16,N,N
16,2015-01-17,N,N
17,2015-01-18,N,N
18,2015-01-19,N,N
19,2015-01-20,N,N
20,2015-01-21,N,N
21,2015-01-22,N,N
22,2015-01-23,N,N
23,2015-01-24,N,N
24,2015-01-25,N,N
25,2015-01-26,N,Y
26,2015-01-27,N,N
27,2015-01-28,N,N
28,2015-01-29,Y,N
29,2015-01-30,Y,N
30,2015-01-31,Y,N
31,2015-02-01,Y,N
32,2015-02-02,Y,N
33,2015-02-03,Y,N
34,2015-02-04,Y,N
35,2015-02-05,Y,N
36,2015-02-06,Y,N
37,2015-02-07,Y,N
38,2015-02-08,Y,N
39,2015-02-09,Y,N
40,2015-02-10,Y,N
41,2015-02-11,Y,N
42,2015-02-12,Y,N
43,2015-02-13,Y,N
44,2015-02-14,Y,N
45,2015-02-15,Y,N
46,2015-02-16,Y,N
47,2015-02-17,Y,N
48,2015-02-18,Y,N
49,2015-02-19,Y,N
50,2015-02-20,Y,N
51,2015-02-21,Y,N
52,2015-02-22,Y,N
53,2015-02-23,Y,N
54,2015-02-24,Y,N
55,2015-02-25,Y,N
56,2015-02-26,Y,N
57,2015-02-27,Y,N
58,2015-02-28,Y,N
59,2015-03-01,Y,N
60,2015-03-02,Y,N
61,2015-03-03,Y,N
62,2015-03-04,Y,N
63,2015-03-05,Y,N
64,2015-03-06,Y,N
65,2015-03-07,Y,N
66,2015-03-08,Y,N
67,2015-03-09,Y,Y
68,2015-03-10,Y,N
69,2015-03-11,Y,N
70,2015-03-12,Y,N
71,2015-03-13,Y,N
72,2015-03-14,Y,N
73,2015-03-15,Y,N
74,2015-03-16,Y,N
75,2015-03-17,Y,N
76,2015-03-18,Y,N
77,2015-03-19,Y,N
78,2015-03-20,Y,N
79,2015-03-21,Y,N
80,2015-03-22,Y,N
81,2015-03-23,Y,N
82,2015-03-24,Y,N
83,2015-03-25,Y,N
84,2015-03-26,Y,N
85,2015-03-27,N,N
86,2015-03-28,N,N
87,2015-03-29,N,N
88,2015-03-30,N,N
89,2015-03-31,N,N
90,2015-04-01,N,N
91,2015-04-02,N,N
92,2015-04-03,N,Y
93,2015-04-04,N,Y
94,2015-04-05,N,N
95,2015-04-06,N,Y
96,2015-04-07,N,N
97,2015-04-08,N,N
98,2015-04-09,N,N
99,2015-04-10,N,N
100,2015-04-11,N,N
101,2015-04-12,N,N
102,2015-04-13,N,N
103,2015-04-14,Y,N
104,2015-04-15,Y,N
105,2015-04-16,Y,N
106,2015-04-17,Y,N
107,2015-04-18,Y,N
108,2015-04-19,Y,N
109,2015-04-20,Y,N
110,2015-04-21,Y,N
111,2015-04-22,Y,N
112,2015-04-23,Y,N
113,2015-04-24,Y,N
114,2015-04-25,Y,Y
115,2015-04-26,Y,N
116,2015-04-27,Y,N
117,2015-04-28,Y,N
118,2015-04-29,Y,N
119,2015-04-30,Y,N
120,2015-05-01,Y,N
121,2015-05-02,Y,N
122,2015-05-03,Y,N
123,2015-05-04,Y,N
124,2015-05-05,Y,N
125,2015-05-06,Y,N
126,2015-05-07,Y,N
127,2015-05-08,Y,N
128,2015-05-09,Y,N
129,2015-05-10,Y,N
130,2015-05-11,Y,N
131,2015-05-12,Y,N
132,2015-05-13,Y,N
133,2015-05-14,Y,N
134,2015-05-15,Y,N
135,2015-05-16,Y,N
136,2015-05-17,Y,N
137,2015-05-18,Y,N
138,2015-05-19,Y,N
139,2015-05-20,Y,N
140,2015-05-21,Y,N
141,2015-05-22,Y,N
142,2015-05-23,Y,N
143,2015-05-24,Y,N
144,2015-05-25,Y,N
145,2015-05-26,Y,N
146,2015-05-27,Y,N
147,2015-05-28,Y,N
148,2015-05-29,Y,N
149,2015-05-30,Y,N
150,2015-05-31,Y,N
151,2015-06-01,Y,N
152,2015-06-02,Y,N
153,2015-06-03,Y,N
154,2015-06-04,Y,N
155,2015-06-05,Y,N
156,2015-06-06,Y,N
157,2015-06-07,Y,N
158,2015-06-08,Y,Y
159,2015-06-09,Y,N
160,2015-06-10,Y,N
161,2015-06-11,Y,N
162,2015-06-12,Y,N
163,2015-06-13,Y,N
164,2015-06-14,Y,N
165,2015-06-15,Y,N
166,2015-06-16,Y,N
167,2015-06-17,Y,N
168,2015-06-18,Y,N
169,2015-06-19,Y,N
170,2015-06-20,Y,N
171,2015-06-21,Y,N
172,2015-06-22,Y,N
173,2015-06-23,Y,N
174,2015-06-24,Y,N
175,2015-06-25,Y,N
176,2015-06-26,N,N
177,2015-06-27,N,N
178,2015-06-28,N,N
179,2015-06-29,N,N
180,2015-06-30,N,N
181,2015-07-01,N,N
182,2015-07-02,N,N
183,2015-07-03,N,N
184,2015-07-04,N,N
185,2015-07-05,N,N
186,2015-07-06,N,N
187,2015-07-07,N,N
188,2015-07-08,N,N
189,2015-07-09,N,N
190,2015-07-10,N,N
191,2015-07-11,N,N
192,2015-07-12,N,N
193,2015-07-13,N,N
194,2015-07-14,Y,N
195,2015-07-15,Y,N
196,2015-07-16,Y,N
197,2015-07-17,Y,N
198,2015-07-18,Y,N
199,2015-07-19,Y,N
200,2015-07-20,Y,N
201,2015-07-21,Y,N
202,2015-07-22,Y,N
203,2015-07-23,Y,N
204,2015-07-24,Y,N
205,2015-07-25,Y,N
206,2015-07-26,Y,N
207,2015-07-27,Y,N
208,2015-07-28,Y,N
209,2015-07-29,Y,N
210,2015-07-30,Y,N
211,2015-07-31,Y,N
212,2015-08-01,Y,N
213,2015-08-02,Y,N
214,2015-08-03,Y,N
215,2015-08-04,Y,N
216,2015-08-05,Y,N
217,2015-08-06,Y,N
218,2015-08-07,Y,N
219,2015-08-08,Y,N
220,2015-08-09,Y,N
221,2015-08-10,Y,N
222,2015-08-11,Y,N
223,2015-08-12,Y,N
224,2015-08-13,Y,N
225,2015-08-14,Y,N
226,2015-08-15,Y,N
227,2015-08-16,Y,N
228,2015-08-17,Y,N
229,2015-08-18,Y,N
230,2015-08-19,Y,N
231,2015-08-20,Y,N
232,2015-08-21,Y,N
233,2015-08-22,Y,N
234,2015-08-23,Y,N
235,2015-08-24,Y,N
236,2015-08-25,Y,N
237,2015-08-26,Y,N
238,2015-08-27,Y,N
239,2015-08-28,Y,N
240,2015-08-29,Y,N
241,2015-08-30,Y,N
242,2015-08-31,Y,N
243,2015-09-01,Y,N
244,2015-09-02,Y,N
245,2015-09-03,Y,N
246,2015-09-04,Y,N
247,2015-09-05,Y,N
248,2015-09-06,Y,N
249,2015-09-07,Y,N
250,2015-09-08,Y,N
251,2015-09-09,Y,N
252,2015-09-10,Y,N
253,2015-09-11,Y,N
254,2015-09-12,Y,N
255,2015-09-13,Y,N
256,2015-09-14,Y,N
257,2015-09-15,Y,N
258,2015-09-16,Y,N
259,2015-09-17,Y,N
260,2015-09-18,N,N
261,2015-09-19,N,N
262,2015-09-20,N,N
263,2015-09-21,N,N
264,2015-09-22,N,N
265,2015-09-23,N,N
266,2015-09-24,N,N
267,2015-09-25,N,N
268,2015-09-26,N,N
269,2015-09-27,N,N
270,2015-09-28,N,N
271,2015-09-29,N,N
272,2015-09-30,N,N
273,2015-10-01,N,N
274,2015-10-02,N,Y
275,2015-10-03,N,N
276,2015-10-04,N,N
277,2015-10-05,N,N
278,2015-10-06,Y,N
279,2015-10-07,Y,N
280,2015-10-08,Y,N
281,2015-10-09,Y,N
282,2015-10-10,Y,N
283,2015-10-11,Y,N
284,2015-10-12,Y,N
285,2015-10-13,Y,N
286,2015-10-14,Y,N
287,2015-10-15,Y,N
288,2015-10-16,Y,N
289,2015-10-17,Y,N
290,2015-10-18,Y,N
291,2015-10-19,Y,N
292,2015-10-20,Y,N
293,2015-10-21,Y,N
294,2015-10-22,Y,N
295,2015-10-23,Y,N
296,2015-10-24,Y,N
297,2015-10-25,Y,N
298,2015-10-26,Y,N
299,2015-10-27,Y,N
300,2015-10-28,Y,N
301,2015-10-29,Y,N
302,2015-10-30,Y,N
303,2015-10-31,Y,N
304,2015-11-01,Y,N
305,2015-11-02,Y,N
306,2015-11-03,Y,Y
307,2015-11-04,Y,N
308,2015-11-05,Y,N
309,2015-11-06,Y,N
310,2015-11-07,Y,N
311,2015-11-08,Y,N
312,2015-11-09,Y,N
313,2015-11-10,Y,N
314,2015-11-11,Y,N
315,2015-11-12,Y,N
316,2015-11-13,Y,N
317,2015-11-14,Y,N
318,2015-11-15,Y,N
319,2015-11-16,Y,N
320,2015-11-17,Y,N
321,2015-11-18,Y,N
322,2015-11-19,Y,N
323,2015-11-20,Y,N
324,2015-11-21,Y,N
325,2015-11-22,Y,N
326,2015-11-23,Y,N
327,2015-11-24,Y,N
328,2015-11-25,Y,N
329,2015-11-26,Y,N
330,2015-11-27,Y,N
331,2015-11-28,Y,N
332,2015-11-29,Y,N
333,2015-11-30,Y,N
334,2015-12-01,Y,N
335,2015-12-02,Y,N
336,2015-12-03,Y,N
337,2015-12-04,Y,N
338,2015-12-05,Y,N
339,2015-12-06,Y,N
340,2015-12-07,Y,N
341,2015-12-08,Y,N
342,2015-12-09,Y,N
343,2015-12-10,Y,N
344,2015-12-11,Y,N
345,2015-12-12,Y,N
346,2015-12-13,Y,N
347,2015-12-14,Y,N
348,2015-12-15,Y,N
349,2015-12-16,Y,N
350,2015-12-17,Y,N
351,2015-12-18,N,N
352,2015-12-19,N,N
353,2015-12-20,N,N
354,2015-12-21,N,N
355,2015-12-22,N,N
356,2015-12-23,N,N
357,2015-12-24,N,N
358,2015-12-25,N,Y
359,2015-12-26,N,Y
360,2015-12-27,N,N
361,2015-12-28,N,Y
362,2015-12-29,N,N
363,2015-12-30,N,N
364,2015-12-31,N,N
365,2016-01-01,N,Y
366,2016-01-02,N,N
367,2016-01-03,N,N
368,2016-01-04,N,N
369,2016-01-05,N,N
370,2016-01-06,N,N
371,2016-01-07,N,N
372,2016-01-08,N,N
373,2016-01-09,N,N
374,2016-01-10,N,N
375,2016-01-11,N,N
376,2016-01-12,N,N
377,2016-01-13,N,N
378,2016-01-14,N,N
379,2016-01-15,N,N
380,2016-01-16,N,N
381,2016-01-17,N,N
382,2016-01-18,N,N
383,2016-01-19,N,N
384,2016-01-20,N,N
385,2016-01-21,N,N
386,2016-01-22,N,N
387,2016-01-23,N,N
388,2016-01-24,N,N
389,2016-01-25,N,N
390,2016-01-26,N,Y
391,2016-01-27,N,N
392,2016-01-28,Y,N
393,2016-01-29,Y,N
394,2016-01-30,Y,N
395,2016-01-31,Y,N
396,2016-02-01,Y,N
397,2016-02-02,Y,N
398,2016-02-03,Y,N
399,2016-02-04,Y,N
400,2016-02-05,Y,N
401,2016-02-06,Y,N
402,2016-02-07,Y,N
403,2016-02-08,Y,N
404,2016-02-09,Y,N
405,2016-02-10,Y,N
406,2016-02-11,Y,N
407,2016-02-12,Y,N
408,2016-02-13,Y,N
409,2016-02-14,Y,N
410,2016-02-15,Y,N
411,2016-02-16,Y,N
412,2016-02-17,Y,N
413,2016-02-18,Y,N
414,2016-02-19,Y,N
415,2016-02-20,Y,N
416,2016-02-21,Y,N
417,2016-02-22,Y,N
418,2016-02-23,Y,N
419,2016-02-24,Y,N
420,2016-02-25,Y,N
421,2016-02-26,Y,N
422,2016-02-27,Y,N
423,2016-02-28,Y,N
424,2016-02-29,Y,N
425,2016-03-01,Y,N
426,2016-03-02,Y,N
427,2016-03-03,Y,N
428,2016-03-04,Y,N
429,2016-03-05,Y,N
430,2016-03-06,Y,N
431,2016-03-07,Y,N
432,2016-03-08,Y,N
433,2016-03-09,Y,N
434,2016-03-10,Y,N
435,2016-03-11,Y,N
436,2016-03-12,Y,N
437,2016-03-13,Y,N
438,2016-03-14,Y,Y
439,2016-03-15,Y,N
440,2016-03-16,Y,N
441,2016-03-17,Y,N
442,2016-03-18,Y,N
443,2016-03-19,Y,N
444,2016-03-20,Y,N
445,2016-03-21,Y,N
446,2016-03-22,Y,N
447,2016-03-23,Y,N
448,2016-03-24,N,N
449,2016-03-25,N,Y
450,2016-03-26,N,Y
451,2016-03-27,N,Y
452,2016-03-28,N,Y
453,2016-03-29,N,N
454,2016-03-30,N,N
455,2016-03-31,N,N
456,2016-04-01,N,N
457,2016-04-02,N,N
458,2016-04-03,N,N
459,2016-04-04,N,N
460,2016-04-05,N,N
461,2016-04-06,N,N
462,2016-04-07,N,N
463,2016-04-08,N,N
464,2016-04-09,N,N
465,2016-04-10,N,N
466,2016-04-11,N,N
467,2016-04-12,Y,N
468,2016-04-13,Y,N
469,2016-04-14,Y,N
470,2016-04-15,Y,N
471,2016-04-16,Y,N
472,2016-04-17,Y,N
473,2016-04-18,Y,N
474,2016-04-19,Y,N
475,2016-04-20,Y,N
476,2016-04-21,Y,N
477,2016-04-22,Y,N
478,2016-04-23,Y,N
479,2016-04-24,Y,N
480,2016-04-25,Y,Y
481,2016-04-26,Y,N
482,2016-04-27,Y,N
483,2016-04-28,Y,N
484,2016-04-29,Y,N
485,2016-04-30,Y,N
486,2016-05-01,Y,N
487,2016-05-02,Y,N
488,2016-05-03,Y,N
489,2016-05-04,Y,N
490,2016-05-05,Y,N
491,2016-05-06,Y,N
492,2016-05-07,Y,N
493,2016-05-08,Y,N
494,2016-05-09,Y,N
495,2016-05-10,Y,N
496,2016-05-11,Y,N
497,2016-05-12,Y,N
498,2016-05-13,Y,N
499,2016-05-14,Y,N
500,2016-05-15,Y,N
501,2016-05-16,Y,N
502,2016-05-17,Y,N
503,2016-05-18,Y,N
504,2016-05-19,Y,N
505,2016-05-20,Y,N
506,2016-05-21,Y,N
507,2016-05-22,Y,N
508,2016-05-23,Y,N
509,2016-05-24,Y,N
510,2016-05-25,Y,N
511,2016-05-26,Y,N
512,2016-05-27,Y,N
513,2016-05-28,Y,N
514,2016-05-29,Y,N
515,2016-05-30,Y,N
516,2016-05-31,Y,N
517,2016-06-01,Y,N
518,2016-06-02,Y,N
519,2016-06-03,Y,N
520,2016-06-04,Y,N
521,2016-06-05,Y,N
522,2016-06-06,Y,N
523,2016-06-07,Y,N
524,2016-06-08,Y,N
525,2016-06-09,Y,N
526,2016-06-10,Y,N
527,2016-06-11,Y,N
528,2016-06-12,Y,N
529,2016-06-13,Y,Y
530,2016-06-14,Y,N
531,2016-06-15,Y,N
532,2016-06-16,Y,N
533,2016-06-17,Y,N
534,2016-06-18,Y,N
535,2016-06-19,Y,N
536,2016-06-20,Y,N
537,2016-06-21,Y,N
538,2016-06-22,Y,N
539,2016-06-23,Y,N
540,2016-06-24,N,N
541,2016-06-25,N,N
542,2016-06-26,N,N
543,2016-06-27,N,N
544,2016-06-28,N,N
545,2016-06-29,N,N
546,2016-06-30,N,N
547,2016-07-01,N,N
548,2016-07-02,N,N
549,2016-07-03,N,N
550,2016-07-04,N,N
551,2016-07-05,N,N
552,2016-07-06,N,N
553,2016-07-07,N,N
554,2016-07-08,N,N
555,2016-07-09,N,N
556,2016-07-10,N,N
557,2016-07-11,N,N
558,2016-07-12,Y,N
559,2016-07-13,Y,N
560,2016-07-14,Y,N
561,2016-07-15,Y,N
562,2016-07-16,Y,N
563,2016-07-17,Y,N
564,2016-07-18,Y,N
565,2016-07-19,Y,N
566,2016-07-20,Y,N
567,2016-07-21,Y,N
568,2016-07-22,Y,N
569,2016-07-23,Y,N
570,2016-07-24,Y,N
571,2016-07-25,Y,N
572,2016-07-26,Y,N
573,2016-07-27,Y,N
574,2016-07-28,Y,N
575,2016-07-29,Y,N
576,2016-07-30,Y,N
577,2016-07-31,Y,N
578,2016-08-01,Y,N
579,2016-08-02,Y,N
580,2016-08-03,Y,N
581,2016-08-04,Y,N
582,2016-08-05,Y,N
583,2016-08-06,Y,N
584,2016-08-07,Y,N
585,2016-08-08,Y,N
586,2016-08-09,Y,N
587,2016-08-10,Y,N
588,2016-08-11,Y,N
589,2016-08-12,Y,N
590,2016-08-13,Y,N
591,2016-08-14,Y,N
592,2016-08-15,Y,N
593,2016-08-16,Y,N
594,2016-08-17,Y,N
595,2016-08-18,Y,N
596,2016-08-19,Y,N
597,2016-08-20,Y,N
598,2016-08-21,Y,N
599,2016-08-22,Y,N
600,2016-08-23,Y,N
601,2016-08-24,Y,N
602,2016-08-25,Y,N
603,2016-08-26,Y,N
604,2016-08-27,Y,N
605,2016-08-28,Y,N
606,2016-08-29,Y,N
607,2016-08-30,Y,N
608,2016-08-31,Y,N
609,2016-09-01,Y,N
610,2016-09-02,Y,N
611,2016-09-03,Y,N
612,2016-09-04,Y,N
613,2016-09-05,Y,N
614,2016-09-06,Y,N
615,2016-09-07,Y,N
616,2016-09-08,Y,N
617,2016-09-09,Y,N
618,2016-09-10,Y,N
619,2016-09-11,Y,N
620,2016-09-12,Y,N
621,2016-09-13,Y,N
622,2016-09-14,Y,N
623,2016-09-15,Y,N
624,2016-09-16,N,N
625,2016-09-17,N,N
626,2016-09-18,N,N
627,2016-09-19,N,N
628,2016-09-20,N,N
629,2016-09-21,N,N
630,2016-09-22,N,N
631,2016-09-23,N,N
632,2016-09-24,N,N
633,2016-09-25,N,N
634,2016-09-26,N,N
635,2016-09-27,N,N
636,2016-09-28,N,N
637,2016-09-29,N,N
638,2016-09-30,N,Y
639,2016-10-01,N,N
640,2016-10-02,N,N
641,2016-10-03,N,N
642,2016-10-04,Y,N
643,2016-10-05,Y,N
644,2016-10-06,Y,N
645,2016-10-07,Y,N
646,2016-10-08,Y,N
647,2016-10-09,Y,N
648,2016-10-10,Y,N
649,2016-10-11,Y,N
650,2016-10-12,Y,N
651,2016-10-13,Y,N
652,2016-10-14,Y,N
653,2016-10-15,Y,N
654,2016-10-16,Y,N
655,2016-10-17,Y,N
656,2016-10-18,Y,N
657,2016-10-19,Y,N
658,2016-10-20,Y,N
659,2016-10-21,Y,N
660,2016-10-22,Y,N
661,2016-10-23,Y,N
662,2016-10-24,Y,N
663,2016-10-25,Y,N
664,2016-10-26,Y,N
665,2016-10-27,Y,N
666,2016-10-28,Y,N
667,2016-10-29,Y,N
668,2016-10-30,Y,N
669,2016-10-31,Y,N
670,2016-11-01,Y,Y
671,2016-11-02,Y,N
672,2016-11-03,Y,N
673,2016-11-04,Y,N
674,2016-11-05,Y,N
675,2016-11-06,Y,N
676,2016-11-07,Y,N
677,2016-11-08,Y,N
678,2016-11-09,Y,N
679,2016-11-10,Y,N
680,2016-11-11,Y,N
681,2016-11-12,Y,N
682,2016-11-13,Y,N
683,2016-11-14,Y,N
684,2016-11-15,Y,N
685,2016-11-16,Y,N
686,2016-11-17,Y,N
687,2016-11-18,Y,N
688,2016-11-19,Y,N
689,2016-11-20,Y,N
690,2016-11-21,Y,N
691,2016-11-22,Y,N
692,2016-11-23,Y,N
693,2016-11-24,Y,N
694,2016-11-25,Y,N
695,2016-11-26,Y,N
696,2016-11-27,Y,N
697,2016-11-28,Y,N
698,2016-11-29,Y,N
699,2016-11-30,Y,N
700,2016-12-01,Y,N
701,2016-12-02,Y,N
702,2016-12-03,Y,N
703,2016-12-04,Y,N
704,2016-12-05,Y,N
705,2016-12-06,Y,N
706,2016-12-07,Y,N
707,2016-12-08,Y,N
708,2016-12-09,Y,N
709,2016-12-10,Y,N
710,2016-12-11,Y,N
711,2016-12-12,Y,N
712,2016-12-13,Y,N
713,2016-12-14,Y,N
714,2016-12-15,Y,N
715,2016-12-16,Y,N
716,2016-12-17,Y,N
717,2016-12-18,Y,N
718,2016-12-19,Y,N
719,2016-12-20,N,N
720,2016-12-21,N,N
721,2016-12-22,N,N
722,2016-12-23,N,N
723,2016-12-24,N,N
724,2016-12-25,N,N
725,2016-12-26,N,Y
726,2016-12-27,N,Y
727,2016-12-28,N,N
728,2016-12-29,N,N
729,2016-12-30,N,N
730,2016-12-31,N,N
731,2017-01-01,N,Y
732,2017-01-02,N,Y
733,2017-01-03,N,N
734,2017-01-04,N,N
735,2017-01-05,N,N
736,2017-01-06,N,N
737,2017-01-07,N,N
738,2017-01-08,N,N
739,2017-01-09,N,N
740,2017-01-10,N,N
741,2017-01-11,N,N
742,2017-01-12,N,N
743,2017-01-13,N,N
744,2017-01-14,N,N
745,2017-01-15,N,N
746,2017-01-16,N,N
747,2017-01-17,N,N
748,2017-01-18,N,N
749,2017-01-19,N,N
750,2017-01-20,N,N
751,2017-01-21,N,N
752,2017-01-22,N,N
753,2017-01-23,N,N
754,2017-01-24,N,N
755,2017-01-25,N,N
756,2017-01-26,N,Y
757,2017-01-27,N,N
758,2017-01-28,N,N
759,2017-01-29,N,N
760,2017-01-30,N,N
761,2017-01-31,Y,N
762,2017-02-01,Y,N
763,2017-02-02,Y,N
764,2017-02-03,Y,N
765,2017-02-04,Y,N
766,2017-02-05,Y,N
767,2017-02-06,Y,N
768,2017-02-07,Y,N
769,2017-02-08,Y,N
770,2017-02-09,Y,N
771,2017-02-10,Y,N
772,2017-02-11,Y,N
773,2017-02-12,Y,N
774,2017-02-13,Y,N
775,2017-02-14,Y,N
776,2017-02-15,Y,N
777,2017-02-16,Y,N
778,2017-02-17,Y,N
779,2017-02-18,Y,N
780,2017-02-19,Y,N
781,2017-02-20,Y,N
782,2017-02-21,Y,N
783,2017-02-22,Y,N
784,2017-02-23,Y,N
785,2017-02-24,Y,N
786,2017-02-25,Y,N
787,2017-02-26,Y,N
788,2017-02-27,Y,N
789,2017-02-28,Y,N
790,2017-03-01,Y,N
791,2017-03-02,Y,N
792,2017-03-03,Y,N
793,2017-03-04,Y,N
794,2017-03-05,Y,N
795,2017-03-06,Y,N
796,2017-03-07,Y,N
797,2017-03-08,Y,N
798,2017-03-09,Y,N
799,2017-03-10,Y,N
800,2017-03-11,Y,N
801,2017-03-12,Y,N
802,2017-03-13,Y,Y
803,2017-03-14,Y,N
804,2017-03-15,Y,N
805,2017-03-16,Y,N
806,2017-03-17,Y,N
807,2017-03-18,Y,N
808,2017-03-19,Y,N
809,2017-03-20,Y,N
810,2017-03-21,Y,N
811,2017-03-22,Y,N
812,2017-03-23,Y,N
813,2017-03-24,Y,N
814,2017-03-25,Y,N
815,2017-03-26,Y,N
816,2017-03-27,Y,N
817,2017-03-28,Y,N
818,2017-03-29,Y,N
819,2017-03-30,Y,N
820,2017-03-31,N,N
821,2017-04-01,N,N
822,2017-04-02,N,N
823,2017-04-03,N,N
824,2017-04-04,N,N
825,2017-04-05,N,N
826,2017-04-06,N,N
827,2017-04-07,N,N
828,2017-04-08,N,N
829,2017-04-09,N,N
830,2017-04-10,N,N
831,2017-04-11,N,N
832,2017-04-12,N,N
833,2017-04-13,N,N
834,2017-04-14,N,Y
835,2017-04-15,N,Y
836,2017-04-16,N,Y
837,2017-04-17,N,Y
838,2017-04-18,N,N
839,2017-04-19,Y,N
840,2017-04-20,Y,N
841,2017-04-21,Y,N
842,2017-04-22,Y,N
843,2017-04-23,Y,N
844,2017-04-24,Y,N
845,2017-04-25,Y,Y
846,2017-04-26,Y,N
847,2017-04-27,Y,N
848,2017-04-28,Y,N
849,2017-04-29,Y,N
850,2017-04-30,Y,N
851,2017-05-01,Y,N
852,2017-05-02,Y,N
853,2017-05-03,Y,N
854,2017-05-04,Y,N
855,2017-05-05,Y,N
856,2017-05-06,Y,N
857,2017-05-07,Y,N
858,2017-05-08,Y,N
859,2017-05-09,Y,N
860,2017-05-10,Y,N
861,2017-05-11,Y,N
862,2017-05-12,Y,N
863,2017-05-13,Y,N
864,2017-05-14,Y,N
865,2017-05-15,Y,N
866,2017-05-16,Y,N
867,2017-05-17,Y,N
868,2017-05-18,Y,N
869,2017-05-19,Y,N
870,2017-05-20,Y,N
871,2017-05-21,Y,N
872,2017-05-22,Y,N
873,2017-05-23,Y,N
874,2017-05-24,Y,N
875,2017-05-25,Y,N
876,2017-05-26,Y,N
877,2017-05-27,Y,N
878,2017-05-28,Y,N
879,2017-05-29,Y,N
880,2017-05-30,Y,N
881,2017-05-31,Y,N
882,2017-06-01,Y,N
883,2017-06-02,Y,N
884,2017-06-03,Y,N
885,2017-06-04,Y,N
886,2017-06-05,Y,N
887,2017-06-06,Y,N
888,2017-06-07,Y,N
889,2017-06-08,Y,N
890,2017-06-09,Y,N
891,2017-06-10,Y,N
892,2017-06-11,Y,N
893,2017-06-12,Y,Y
894,2017-06-13,Y,N
895,2017-06-14,Y,N
896,2017-06-15,Y,N
897,2017-06-16,Y,N
898,2017-06-17,Y,N
899,2017-06-18,Y,N
900,2017-06-19,Y,N
901,2017-06-20,Y,N
902,2017-06-21,Y,N
903,2017-06-22,Y,N
904,2017-06-23,Y,N
905,2017-06-24,Y,N
906,2017-06-25,Y,N
907,2017-06-26,Y,N
908,2017-06-27,Y,N
909,2017-06-28,Y,N
910,2017-06-29,Y,N
911,2017-06-30,N,N
912,2017-07-01,N,N
913,2017-07-02,N,N
914,2017-07-03,N,N
915,2017-07-04,N,N
916,2017-07-05,N,N
917,2017-07-06,N,N
918,2017-07-07,N,N
919,2017-07-08,N,N
920,2017-07-09,N,N
921,2017-07-10,N,N
922,2017-07-11,N,N
923,2017-07-12,N,N
924,2017-07-13,N,N
925,2017-07-14,N,N
926,2017-07-15,N,N
927,2017-07-16,N,N
928,2017-07-17,N,N
929,2017-07-18,Y,N
930,2017-07-19,Y,N
931,2017-07-20,Y,N
932,2017-07-21,Y,N
933,2017-07-22,Y,N
934,2017-07-23,Y,N
935,2017-07-24,Y,N
936,2017-07-25,Y,N
937,2017-07-26,Y,N
938,2017-07-27,Y,N
939,2017-07-28,Y,N
940,2017-07-29,Y,N
941,2017-07-30,Y,N
942,2017-07-31,Y,N
943,2017-08-01,Y,N
944,2017-08-02,Y,N
945,2017-08-03,Y,N
946,2017-08-04,Y,N
947,2017-08-05,Y,N
948,2017-08-06,Y,N
949,2017-08-07,Y,N
950,2017-08-08,Y,N
951,2017-08-09,Y,N
952,2017-08-10,Y,N
953,2017-08-11,Y,N
954,2017-08-12,Y,N
955,2017-08-13,Y,N
956,2017-08-14,Y,N
957,2017-08-15,Y,N
958,2017-08-16,Y,N
959,2017-08-17,Y,N
960,2017-08-18,Y,N
961,2017-08-19,Y,N
962,2017-08-20,Y,N
963,2017-08-21,Y,N
964,2017-08-22,Y,N
965,2017-08-23,Y,N
966,2017-08-24,Y,N
967,2017-08-25,Y,N
968,2017-08-26,Y,N
969,2017-08-27,Y,N
970,2017-08-28,Y,N
971,2017-08-29,Y,N
972,2017-08-30,Y,N
973,2017-08-31,Y,N
974,2017-09-01,Y,N
975,2017-09-02,Y,N
976,2017-09-03,Y,N
977,2017-09-04,Y,N
978,2017-09-05,Y,N
979,2017-09-06,Y,N
980,2017-09-07,Y,N
981,2017-09-08,Y,N
982,2017-09-09,Y,N
983,2017-09-10,Y,N
984,2017-09-11,Y,N
985,2017-09-12,Y,N
986,2017-09-13,Y,N
987,2017-09-14,Y,N
988,2017-09-15,Y,N
989,2017-09-16,Y,N
990,2017-09-17,Y,N
991,2017-09-18,Y,N
992,2017-09-19,Y,N
993,2017-09-20,Y,N
994,2017-09-21,Y,N
995,2017-09-22,N,N
996,2017-09-23,N,N
997,2017-09-24,N,N
998,2017-09-25,N,N
999,2017-09-26,N,N
1000,2017-09-27,N,N
1001,2017-09-28,N,N
1002,2017-09-29,N,Y
1003,2017-09-30,N,N
1004,2017-10-01,N,N
1005,2017-10-02,N,N
1006,2017-10-03,N,N
1007,2017-10-04,N,N
1008,2017-10-05,N,N
1009,2017-10-06,N,N
1010,2017-10-07,N,N
1011,2017-10-08,N,N
1012,2017-10-09,N,N
1013,2017-10-10,Y,N
1014,2017-10-11,Y,N
1015,2017-10-12,Y,N
1016,2017-10-13,Y,N
1017,2017-10-14,Y,N
1018,2017-10-15,Y,N
1019,2017-10-16,Y,N
1020,2017-10-17,Y,N
1021,2017-10-18,Y,N
1022,2017-10-19,Y,N
1023,2017-10-20,Y,N
1024,2017-10-21,Y,N
1025,2017-10-22,Y,N
1026,2017-10-23,Y,N
1027,2017-10-24,Y,N
1028,2017-10-25,Y,N
1029,2017-10-26,Y,N
1030,2017-10-27,Y,N
1031,2017-10-28,Y,N
1032,2017-10-29,Y,N
1033,2017-10-30,Y,N
1034,2017-10-31,Y,N
1035,2017-11-01,Y,N
1036,2017-11-02,Y,N
1037,2017-11-03,Y,N
1038,2017-11-04,Y,N
1039,2017-11-05,Y,N
1040,2017-11-06,Y,N
1041,2017-11-07,Y,Y
1042,2017-11-08,Y,N
1043,2017-11-09,Y,N
1044,2017-11-10,Y,N
1045,2017-11-11,Y,N
1046,2017-11-12,Y,N
1047,2017-11-13,Y,N
1048,2017-11-14,Y,N
1049,2017-11-15,Y,N
1050,2017-11-16,Y,N
1051,2017-11-17,Y,N
1052,2017-11-18,Y,N
1053,2017-11-19,Y,N
1054,2017-11-20,Y,N
1055,2017-11-21,Y,N
1056,2017-11-22,Y,N
1057,2017-11-23,Y,N
1058,2017-11-24,Y,N
1059,2017-11-25,Y,N
1060,2017-11-26,Y,N
1061,2017-11-27,Y,N
1062,2017-11-28,Y,N
1063,2017-11-29,Y,N
1064,2017-11-30,Y,N
1065,2017-12-01,Y,N
1066,2017-12-02,Y,N
1067,2017-12-03,Y,N
1068,2017-12-04,Y,N
1069,2017-12-05,Y,N
1070,2017-12-06,Y,N
1071,2017-12-07,Y,N
1072,2017-12-08,Y,N
1073,2017-12-09,Y,N
1074,2017-12-10,Y,N
1075,2017-12-11,Y,N
1076,2017-12-12,Y,N
1077,2017-12-13,Y,N
1078,2017-12-14,Y,N
1079,2017-12-15,Y,N
1080,2017-12-16,Y,N
1081,2017-12-17,Y,N
1082,2017-12-18,Y,N
1083,2017-12-19,Y,N
1084,2017-12-20,Y,N
1085,2017-12-21,Y,N
1086,2017-12-22,N,N
1087,2017-12-23,N,N
1088,2017-12-24,N,N
1089,2017-12-25,N,Y
1090,2017-12-26,N,Y
1091,2017-12-27,N,N
1092,2017-12-28,N,N
1093,2017-12-29,N,N
1094,2017-12-30,N,N
1095,2017-12-31,N,N
1096,2018-01-01,N,Y
1097,2018-01-02,N,N
1098,2018-01-03,N,N
1099,2018-01-04,N,N
1100,2018-01-05,N,N
1101,2018-01-06,N,N
1102,2018-01-07,N,N
1103,2018-01-08,N,N
1104,2018-01-09,N,N
1105,2018-01-10,N,N
1106,2018-01-11,N,N
1107,2018-01-12,N,N
1108,2018-01-13,N,N
1109,2018-01-14,N,N
1110,2018-01-15,N,N
1111,2018-01-16,N,N
1112,2018-01-17,N,N
1113,2018-01-18,N,N
1114,2018-01-19,N,N
1115,2018-01-20,N,N
1116,2018-01-21,N,N
1117,2018-01-22,N,N
1118,2018-01-23,N,N
1119,2018-01-24,N,N
1120,2018-01-25,N,N
1121,2018-01-26,N,Y
1122,2018-01-27,N,N
1123,2018-01-28,N,N
1124,2018-01-29,N,N
1125,2018-01-30,N,N
1126,2018-01-31,Y,N
1127,2018-02-01,Y,N
1128,2018-02-02,Y,N
1129,2018-02-03,Y,N
1130,2018-02-04,Y,N
1131,2018-02-05,Y,N
1132,2018-02-06,Y,N
1133,2018-02-07,Y,N
1134,2018-02-08,Y,N
1135,2018-02-09,Y,N
1136,2018-02-10,Y,N
1137,2018-02-11,Y,N
1138,2018-02-12,Y,N
1139,2018-02-13,Y,N
1140,2018-02-14,Y,N
1141,2018-02-15,Y,N
1142,2018-02-16,Y,N
1143,2018-02-17,Y,N
1144,2018-02-18,Y,N
1145,2018-02-19,Y,N
1146,2018-02-20,Y,N
1147,2018-02-21,Y,N
1148,2018-02-22,Y,N
1149,2018-02-23,Y,N
1150,2018-02-24,Y,N
1151,2018-02-25,Y,N
1152,2018-02-26,Y,N
1153,2018-02-27,Y,N
1154,2018-02-28,Y,N
1155,2018-03-01,Y,N
1156,2018-03-02,Y,N
1157,2018-03-03,Y,N
1158,2018-03-04,Y,N
1159,2018-03-05,Y,N
1160,2018-03-06,Y,N
1161,2018-03-07,Y,N
1162,2018-03-08,Y,N
1163,2018-03-09,Y,N
1164,2018-03-10,Y,N
1165,2018-03-11,Y,N
1166,2018-03-12,Y,Y
1167,2018-03-13,Y,N
1168,2018-03-14,Y,N
1169,2018-03-15,Y,N
1170,2018-03-16,Y,N
1171,2018-03-17,Y,N
1172,2018-03-18,Y,N
1173,2018-03-19,Y,N
1174,2018-03-20,Y,N
1175,2018-03-21,Y,N
1176,2018-03-22,Y,N
1177,2018-03-23,Y,N
1178,2018-03-24,Y,N
1179,2018-03-25,Y,N
1180,2018-03-26,Y,N
1181,2018-03-27,Y,N
1182,2018-03-28,Y,N
1183,2018-03-29,N,N
1184,2018-03-30,N,Y
1185,2018-03-31,N,Y
1186,2018-04-01,N,Y
1187,2018-04-02,N,Y
1188,2018-04-03,N,N
1189,2018-04-04,N,N
1190,2018-04-05,N,N
1191,2018-04-06,N,N
1192,2018-04-07,N,N
1193,2018-04-08,N,N
1194,2018-04-09,N,N
1195,2018-04-10,N,N
1196,2018-04-11,N,N
1197,2018-04-12,N,N
1198,2018-04-13,N,N
1199,2018-04-14,N,N
1200,2018-04-15,N,N
1201,2018-04-16,N,N
1202,2018-04-17,Y,N
1203,2018-04-18,Y,N
1204,2018-04-19,Y,N
1205,2018-04-20,Y,N
1206,2018-04-21,Y,N
1207,2018-04-22,Y,N
1208,2018-04-23,Y,N
1209,2018-04-24,Y,N
1210,2018-04-25,Y,Y
1211,2018-04-26,Y,N
1212,2018-04-27,Y,N
1213,2018-04-28,Y,N
1214,2018-04-29,Y,N
1215,2018-04-30,Y,N
1216,2018-05-01,Y,N
1217,2018-05-02,Y,N
1218,2018-05-03,Y,N
1219,2018-05-04,Y,N
1220,2018-05-05,Y,N
1221,2018-05-06,Y,N
1222,2018-05-07,Y,N
1223,2018-05-08,Y,N
1224,2018-05-09,Y,N
1225,2018-05-10,Y,N
1226,2018-05-11,Y,N
1227,2018-05-12,Y,N
1228,2018-05-13,Y,N
1229,2018-05-14,Y,N
1230,2018-05-15,Y,N
1231,2018-05-16,Y,N
1232,2018-05-17,Y,N
1233,2018-05-18,Y,N
1234,2018-05-19,Y,N
1235,2018-05-20,Y,N
1236,2018-05-21,Y,N
1237,2018-05-22,Y,N
1238,2018-05-23,Y,N
1239,2018-05-24,Y,N
1240,2018-05-25,Y,N
1241,2018-05-26,Y,N
1242,2018-05-27,Y,N
1243,2018-05-28,Y,N
1244,2018-05-29,Y,N
1245,2018-05-30,Y,N
1246,2018-05-31,Y,N
1247,2018-06-01,Y,N
1248,2018-06-02,Y,N
1249,2018-06-03,Y,N
1250,2018-06-04,Y,N
1251,2018-06-05,Y,N
1252,2018-06-06,Y,N
1253,2018-06-07,Y,N
1254,2018-06-08,Y,N
1255,2018-06-09,Y,N
1256,2018-06-10,Y,N
1257,2018-06-11,Y,Y
1258,2018-06-12,Y,N
1259,2018-06-13,Y,N
1260,2018-06-14,Y,N
1261,2018-06-15,Y,N
1262,2018-06-16,Y,N
1263,2018-06-17,Y,N
1264,2018-06-18,Y,N
1265,2018-06-19,Y,N
1266,2018-06-20,Y,N
1267,2018-06-21,Y,N
1268,2018-06-22,Y,N
1269,2018-06-23,Y,N
1270,2018-06-24,Y,N
1271,2018-06-25,Y,N
1272,2018-06-26,Y,N
1273,2018-06-27,Y,N
1274,2018-06-28,Y,N
1275,2018-06-29,N,N
1276,2018-06-30,N,N
1277,2018-07-01,N,N
1278,2018-07-02,N,N
1279,2018-07-03,N,N
1280,2018-07-04,N,N
1281,2018-07-05,N,N
1282,2018-07-06,N,N
1283,2018-07-07,N,N
1284,2018-07-08,N,N
1285,2018-07-09,N,N
1286,2018-07-10,N,N
1287,2018-07-11,N,N
1288,2018-07-12,N,N
1289,2018-07-13,N,N
1290,2018-07-14,N,N
1291,2018-07-15,N,N
1292,2018-07-16,N,N
1293,2018-07-17,Y,N
1294,2018-07-18,Y,N
1295,2018-07-19,Y,N
1296,2018-07-20,Y,N
1297,2018-07-21,Y,N
1298,2018-07-22,Y,N
1299,2018-07-23,Y,N
1300,2018-07-24,Y,N
1301,2018-07-25,Y,N
1302,2018-07-26,Y,N
1303,2018-07-27,Y,N
1304,2018-07-28,Y,N
1305,2018-07-29,Y,N
1306,2018-07-30,Y,N
1307,2018-07-31,Y,N
1308,2018-08-01,Y,N
1309,2018-08-02,Y,N
1310,2018-08-03,Y,N
1311,2018-08-04,Y,N
1312,2018-08-05,Y,N
1313,2018-08-06,Y,N
1314,2018-08-07,Y,N
1315,2018-08-08,Y,N
1316,2018-08-09,Y,N
1317,2018-08-10,Y,N
1318,2018-08-11,Y,N
1319,2018-08-12,Y,N
1320,2018-08-13,Y,N
1321,2018-08-14,Y,N
1322,2018-08-15,Y,N
1323,2018-08-16,Y,N
1324,2018-08-17,Y,N
1325,2018-08-18,Y,N
1326,2018-08-19,Y,N
1327,2018-08-20,Y,N
1328,2018-08-21,Y,N
1329,2018-08-22,Y,N
1330,2018-08-23,Y,N
1331,2018-08-24,Y,N
1332,2018-08-25,Y,N
1333,2018-08-26,Y,N
1334,2018-08-27,Y,N
1335,2018-08-28,Y,N
1336,2018-08-29,Y,N
1337,2018-08-30,Y,N
1338,2018-08-31,Y,N
1339,2018-09-01,Y,N
1340,2018-09-02,Y,N
1341,2018-09-03,Y,N
1342,2018-09-04,Y,N
1343,2018-09-05,Y,N
1344,2018-09-06,Y,N
1345,2018-09-07,Y,N
1346,2018-09-08,Y,N
1347,2018-09-09,Y,N
1348,2018-09-10,Y,N
1349,2018-09-11,Y,N
1350,2018-09-12,Y,N
1351,2018-09-13,Y,N
1352,2018-09-14,Y,N
1353,2018-09-15,Y,N
1354,2018-09-16,Y,N
1355,2018-09-17,Y,N
1356,2018-09-18,Y,N
1357,2018-09-19,Y,N
1358,2018-09-20,Y,N
1359,2018-09-21,N,N
1360,2018-09-22,N,N
1361,2018-09-23,N,N
1362,2018-09-24,N,N
1363,2018-09-25,N,N
1364,2018-09-26,N,N
1365,2018-09-27,N,N
1366,2018-09-28,N,Y
1367,2018-09-29,N,N
1368,2018-09-30,N,N
1369,2018-10-01,N,N
1370,2018-10-02,N,N
1371,2018-10-03,N,N
1372,2018-10-04,N,N
1373,2018-10-05,N,N
1374,2018-10-06,N,N
1375,2018-10-07,N,N
1376,2018-10-08,N,N
1377,2018-10-09,Y,N
1378,2018-10-10,Y,N
1379,2018-10-11,Y,N
1380,2018-10-12,Y,N
1381,2018-10-13,Y,N
1382,2018-10-14,Y,N
1383,2018-10-15,Y,N
1384,2018-10-16,Y,N
1385,2018-10-17,Y,N
1386,2018-10-18,Y,N
1387,2018-10-19,Y,N
1388,2018-10-20,Y,N
1389,2018-10-21,Y,N
1390,2018-10-22,Y,N
1391,2018-10-23,Y,N
1392,2018-10-24,Y,N
1393,2018-10-25,Y,N
1394,2018-10-26,Y,N
1395,2018-10-27,Y,N
1396,2018-10-28,Y,N
1397,2018-10-29,Y,N
1398,2018-10-30,Y,N
1399,2018-10-31,Y,N
1400,2018-11-01,Y,N
1401,2018-11-02,Y,N
1402,2018-11-03,Y,N
1403,2018-11-04,Y,N
1404,2018-11-05,Y,N
1405,2018-11-06,Y,Y
1406,2018-11-07,Y,N
1407,2018-11-08,Y,N
1408,2018-11-09,Y,N
1409,2018-11-10,Y,N
1410,2018-11-11,Y,N
1411,2018-11-12,Y,N
1412,2018-11-13,Y,N
1413,2018-11-14,Y,N
1414,2018-11-15,Y,N
1415,2018-11-16,Y,N
1416,2018-11-17,Y,N
1417,2018-11-18,Y,N
1418,2018-11-19,Y,N
1419,2018-11-20,Y,N
1420,2018-11-21,Y,N
1421,2018-11-22,Y,N
1422,2018-11-23,Y,N
1423,2018-11-24,Y,N
1424,2018-11-25,Y,N
1425,2018-11-26,Y,N
1426,2018-11-27,Y,N
1427,2018-11-28,Y,N
1428,2018-11-29,Y,N
1429,2018-11-30,Y,N
1430,2018-12-01,Y,N
1431,2018-12-02,Y,N
1432,2018-12-03,Y,N
1433,2018-12-04,Y,N
1434,2018-12-05,Y,N
1435,2018-12-06,Y,N
1436,2018-12-07,Y,N
1437,2018-12-08,Y,N
1438,2018-12-09,Y,N
1439,2018-12-10,Y,N
1440,2018-12-11,Y,N
1441,2018-12-12,Y,N
1442,2018-12-13,Y,N
1443,2018-12-14,Y,N
1444,2018-12-15,Y,N
1445,2018-12-16,Y,N
1446,2018-12-17,Y,N
1447,2018-12-18,Y,N
1448,2018-12-19,Y,N
1449,2018-12-20,Y,N
1450,2018-12-21,N,N
1451,2018-12-22,N,N
1452,2018-12-23,N,N
1453,2018-12-24,N,N
1454,2018-12-25,N,Y
1455,2018-12-26,N,Y
1456,2018-12-27,N,N
1457,2018-12-28,N,N
1458,2018-12-29,N,N
1459,2018-12-30,N,N
1460,2018-12-31,N,N
1461,2019-01-01,N,Y
1462,2019-01-02,N,N
1463,2019-01-03,N,N
1464,2019-01-04,N,N
1465,2019-01-05,N,N
1466,2019-01-06,N,N
1467,2019-01-07,N,N
1468,2019-01-08,N,N
1469,2019-01-09,N,N
1470,2019-01-10,N,N
1471,2019-01-11,N,N
1472,2019-01-12,N,N
1473,2019-01-13,N,N
1474,2019-01-14,N,N
1475,2019-01-15,N,N
1476,2019-01-16,N,N
1477,2019-01-17,N,N
1478,2019-01-18,N,N
1479,2019-01-19,N,N
1480,2019-01-20,N,N
1481,2019-01-21,N,N
1482,2019-01-22,N,N
1483,2019-01-23,N,N
1484,2019-01-24,N,N
1485,2019-01-25,N,N
1486,2019-01-26,N,Y
1487,2019-01-27,N,N
1488,2019-01-28,N,Y
1489,2019-01-29,N,N
1490,2019-01-30,N,N
1491,2019-01-31,Y,N
1492,2019-02-01,Y,N
1493,2019-02-02,Y,N
1494,2019-02-03,Y,N
1495,2019-02-04,Y,N
1496,2019-02-05,Y,N
1497,2019-02-06,Y,N
1498,2019-02-07,Y,N
1499,2019-02-08,Y,N
1500,2019-02-09,Y,N
1501,2019-02-10,Y,N
1502,2019-02-11,Y,N
1503,2019-02-12,Y,N
1504,2019-02-13,Y,N
1505,2019-02-14,Y,N
1506,2019-02-15,Y,N
1507,2019-02-16,Y,N
1508,2019-02-17,Y,N
1509,2019-02-18,Y,N
1510,2019-02-19,Y,N
1511,2019-02-20,Y,N
1512,2019-02-21,Y,N
1513,2019-02-22,Y,N
1514,2019-02-23,Y,N
1515,2019-02-24,Y,N
1516,2019-02-25,Y,N
1517,2019-02-26,Y,N
1518,2019-02-27,Y,N
1519,2019-02-28,Y,N
1520,2019-03-01,Y,N
1521,2019-03-02,Y,N
1522,2019-03-03,Y,N
1523,2019-03-04,Y,N
1524,2019-03-05,Y,N
1525,2019-03-06,Y,N
1526,2019-03-07,Y,N
1527,2019-03-08,Y,N
1528,2019-03-09,Y,N
1529,2019-03-10,Y,N
1530,2019-03-11,Y,Y
1531,2019-03-12,Y,N
1532,2019-03-13,Y,N
1533,2019-03-14,Y,N
1534,2019-03-15,Y,N
1535,2019-03-16,Y,N
1536,2019-03-17,Y,N
1537,2019-03-18,Y,N
1538,2019-03-19,Y,N
1539,2019-03-20,Y,N
1540,2019-03-21,Y,N
1541,2019-03-22,Y,N
1542,2019-03-23,Y,N
1543,2019-03-24,Y,N
1544,2019-03-25,Y,N
1545,2019-03-26,Y,N
1546,2019-03-27,Y,N
1547,2019-03-28,Y,N
1548,2019-03-29,Y,N
1549,2019-03-30,Y,N
1550,2019-03-31,Y,N
1551,2019-04-01,Y,N
1552,2019-04-02,Y,N
1553,2019-04-03,Y,N
1554,2019-04-04,Y,N
1555,2019-04-05,N,N
1556,2019-04-06,N,N
1557,2019-04-07,N,N
1558,2019-04-08,N,N
1559,2019-04-09,N,N
1560,2019-04-10,N,N
1561,2019-04-11,N,N
1562,2019-04-12,N,N
1563,2019-04-13,N,N
1564,2019-04-14,N,N
1565,2019-04-15,N,N
1566,2019-04-16,N,N
1567,2019-04-17,N,N
1568,2019-04-18,N,N
1569,2019-04-19,N,Y
1570,2019-04-20,N,Y
1571,2019-04-21,N,Y
1572,2019-04-22,N,Y
1573,2019-04-23,N,N
1574,2019-04-24,Y,N
1575,2019-04-25,Y,Y
1576,2019-04-26,Y,N
1577,2019-04-27,Y,N
1578,2019-04-28,Y,N
1579,2019-04-29,Y,N
1580,2019-04-30,Y,N
1581,2019-05-01,Y,N
1582,2019-05-02,Y,N
1583,2019-05-03,Y,N
1584,2019-05-04,Y,N
1585,2019-05-05,Y,N
1586,2019-05-06,Y,N
1587,2019-05-07,Y,N
1588,2019-05-08,Y,N
1589,2019-05-09,Y,N
1590,2019-05-10,Y,N
1591,2019-05-11,Y,N
1592,2019-05-12,Y,N
1593,2019-05-13,Y,N
1594,2019-05-14,Y,N
1595,2019-05-15,Y,N
1596,2019-05-16,Y,N
1597,2019-05-17,Y,N
1598,2019-05-18,Y,N
1599,2019-05-19,Y,N
1600,2019-05-20,Y,N
1601,2019-05-21,Y,N
1602,2019-05-22,Y,N
1603,2019-05-23,Y,N
1604,2019-05-24,Y,N
1605,2019-05-25,Y,N
1606,2019-05-26,Y,N
1607,2019-05-27,Y,N
1608,2019-05-28,Y,N
1609,2019-05-29,Y,N
1610,2019-05-30,Y,N
1611,2019-05-31,Y,N
1612,2019-06-01,Y,N
1613,2019-06-02,Y,N
1614,2019-06-03,Y,N
1615,2019-06-04,Y,N
1616,2019-06-05,Y,N
1617,2019-06-06,Y,N
1618,2019-06-07,Y,N
1619,2019-06-08,Y,N
1620,2019-06-09,Y,N
1621,2019-06-10,Y,Y
1622,2019-06-11,Y,N
1623,2019-06-12,Y,N
1624,2019-06-13,Y,N
1625,2019-06-14,Y,N
1626,2019-06-15,Y,N
1627,2019-06-16,Y,N
1628,2019-06-17,Y,N
1629,2019-06-18,Y,N
1630,2019-06-19,Y,N
1631,2019-06-20,Y,N
1632,2019-06-21,Y,N
1633,2019-06-22,Y,N
1634,2019-06-23,Y,N
1635,2019-06-24,Y,N
1636,2019-06-25,Y,N
1637,2019-06-26,Y,N
1638,2019-06-27,Y,N
1639,2019-06-28,N,N
1640,2019-06-29,N,N
1641,2019-06-30,N,N
1642,2019-07-01,N,N
1643,2019-07-02,N,N
1644,2019-07-03,N,N
1645,2019-07-04,N,N
1646,2019-07-05,N,N
1647,2019-07-06,N,N
1648,2019-07-07,N,N
1649,2019-07-08,N,N
1650,2019-07-09,N,N
1651,2019-07-10,N,N
1652,2019-07-11,N,N
1653,2019-07-12,N,N
1654,2019-07-13,N,N
1655,2019-07-14,N,N
1656,2019-07-15,N,N
1657,2019-07-16,Y,N
1658,2019-07-17,Y,N
1659,2019-07-18,Y,N
1660,2019-07-19,Y,N
1661,2019-07-20,Y,N
1662,2019-07-21,Y,N
1663,2019-07-22,Y,N
1664,2019-07-23,Y,N
1665,2019-07-24,Y,N
1666,2019-07-25,Y,N
1667,2019-07-26,Y,N
1668,2019-07-27,Y,N
1669,2019-07-28,Y,N
1670,2019-07-29,Y,N
1671,2019-07-30,Y,N
1672,2019-07-31,Y,N
1673,2019-08-01,Y,N
1674,2019-08-02,Y,N
1675,2019-08-03,Y,N
1676,2019-08-04,Y,N
1677,2019-08-05,Y,N
1678,2019-08-06,Y,N
1679,2019-08-07,Y,N
1680,2019-08-08,Y,N
1681,2019-08-09,Y,N
1682,2019-08-10,Y,N
1683,2019-08-11,Y,N
1684,2019-08-12,Y,N
1685,2019-08-13,Y,N
1686,2019-08-14,Y,N
1687,2019-08-15,Y,N
1688,2019-08-16,Y,N
1689,2019-08-17,Y,N
1690,2019-08-18,Y,N
1691,2019-08-19,Y,N
1692,2019-08-20,Y,N
1693,2019-08-21,Y,N
1694,2019-08-22,Y,N
1695,2019-08-23,Y,N
1696,2019-08-24,Y,N
1697,2019-08-25,Y,N
1698,2019-08-26,Y,N
1699,2019-08-27,Y,N
1700,2019-08-28,Y,N
1701,2019-08-29,Y,N
1702,2019-08-30,Y,N
1703,2019-08-31,Y,N
1704,2019-09-01,Y,N
1705,2019-09-02,Y,N
1706,2019-09-03,Y,N
1707,2019-09-04,Y,N
1708,2019-09-05,Y,N
1709,2019-09-06,Y,N
1710,2019-09-07,Y,N
1711,2019-09-08,Y,N
1712,2019-09-09,Y,N
1713,2019-09-10,Y,N
1714,2019-09-11,Y,N
1715,2019-09-12,Y,N
1716,2019-09-13,Y,N
1717,2019-09-14,Y,N
1718,2019-09-15,Y,N
1719,2019-09-16,Y,N
1720,2019-09-17,Y,N
1721,2019-09-18,Y,N
1722,2019-09-19,Y,N
1723,2019-09-20,N,N
1724,2019-09-21,N,N
1725,2019-09-22,N,N
1726,2019-09-23,N,N
1727,2019-09-24,N,N
1728,2019-09-25,N,N
1729,2019-09-26,N,N
1730,2019-09-27,N,Y
1731,2019-09-28,N,N
1732,2019-09-29,N,N
1733,2019-09-30,N,N
1734,2019-10-01,N,N
1735,2019-10-02,N,N
1736,2019-10-03,N,N
1737,2019-10-04,N,N
1738,2019-10-05,N,N
1739,2019-10-06,N,N
1740,2019-10-07,N,N
1741,2019-10-08,Y,N
1742,2019-10-09,Y,N
1743,2019-10-10,Y,N
1744,2019-10-11,Y,N
1745,2019-10-12,Y,N
1746,2019-10-13,Y,N
1747,2019-10-14,Y,N
1748,2019-10-15,Y,N
1749,2019-10-16,Y,N
1750,2019-10-17,Y,N
1751,2019-10-18,Y,N
1752,2019-10-19,Y,N
1753,2019-10-20,Y,N
1754,2019-10-21,Y,N
1755,2019-10-22,Y,N
1756,2019-10-23,Y,N
1757,2019-10-24,Y,N
1758,2019-10-25,Y,N
1759,2019-10-26,Y,N
1760,2019-10-27,Y,N
1761,2019-10-28,Y,N
1762,2019-10-29,Y,N
1763,2019-10-30,Y,N
1764,2019-10-31,Y,N
1765,2019-11-01,Y,N
1766,2019-11-02,Y,N
1767,2019-11-03,Y,N
1768,2019-11-04,Y,N
1769,2019-11-05,Y,Y
1770,2019-11-06,Y,N
1771,2019-11-07,Y,N
1772,2019-11-08,Y,N
1773,2019-11-09,Y,N
1774,2019-11-10,Y,N
1775,2019-11-11,Y,N
1776,2019-11-12,Y,N
1777,2019-11-13,Y,N
1778,2019-11-14,Y,N
1779,2019-11-15,Y,N
1780,2019-11-16,Y,N
1781,2019-11-17,Y,N
1782,2019-11-18,Y,N
1783,2019-11-19,Y,N
1784,2019-11-20,Y,N
1785,2019-11-21,Y,N
1786,2019-11-22,Y,N
1787,2019-11-23,Y,N
1788,2019-11-24,Y,N
1789,2019-11-25,Y,N
1790,2019-11-26,Y,N
1791,2019-11-27,Y,N
1792,2019-11-28,Y,N
1793,2019-11-29,Y,N
1794,2019-11-30,Y,N
1795,2019-12-01,Y,N
1796,2019-12-02,Y,N
1797,2019-12-03,Y,N
1798,2019-12-04,Y,N
1799,2019-12-05,Y,N
1800,2019-12-06,Y,N
1801,2019-12-07,Y,N
1802,2019-12-08,Y,N
1803,2019-12-09,Y,N
1804,2019-12-10,Y,N
1805,2019-12-11,Y,N
1806,2019-12-12,Y,N
1807,2019-12-13,Y,N
1808,2019-12-14,Y,N
1809,2019-12-15,Y,N
1810,2019-12-16,Y,N
1811,2019-12-17,Y,N
1812,2019-12-18,Y,N
1813,2019-12-19,Y,N
1814,2019-12-20,N,N
1815,2019-12-21,N,N
1816,2019-12-22,N,N
1817,2019-12-23,N,N
1818,2019-12-24,N,N
1819,2019-12-25,N,Y
1820,2019-12-26,N,Y
1821,2019-12-27,N,N
1822,2019-12-28,N,N
1823,2019-12-29,N,N
1824,2019-12-30,N,N
1825,2019-12-31,N,N
1826,2020-01-01,N,Y
1827,2020-01-02,N,N
1828,2020-01-03,N,N
1829,2020-01-04,N,N
1830,2020-01-05,N,N
1831,2020-01-06,N,N
1832,2020-01-07,N,N
1833,2020-01-08,N,N
1834,2020-01-09,N,N
1835,2020-01-10,N,N
1836,2020-01-11,N,N
1837,2020-01-12,N,N
1838,2020-01-13,N,N
1839,2020-01-14,N,N
1840,2020-01-15,N,N
1841,2020-01-16,N,N
1842,2020-01-17,N,N
1843,2020-01-18,N,N
1844,2020-01-19,N,N
1845,2020-01-20,N,N
1846,2020-01-21,N,N
1847,2020-01-22,N,N
1848,2020-01-23,N,N
1849,2020-01-24,N,N
1850,2020-01-25,N,N
1851,2020-01-26,N,Y
1852,2020-01-27,N,Y
1853,2020-01-28,N,N
1854,2020-01-29,N,N
1855,2020-01-30,Y,N
1856,2020-01-31,Y,N
1857,2020-02-01,Y,N
1858,2020-02-02,Y,N
1859,2020-02-03,Y,N
1860,2020-02-04,Y,N
1861,2020-02-05,Y,N
1862,2020-02-06,Y,N
1863,2020-02-07,Y,N
1864,2020-02-08,Y,N
1865,2020-02-09,Y,N
1866,2020-02-10,Y,N
1867,2020-02-11,Y,N
1868,2020-02-12,Y,N
1869,2020-02-13,Y,N
1870,2020-02-14,Y,N
1871,2020-02-15,Y,N
1872,2020-02-16,Y,N
1873,2020-02-17,Y,N
1874,2020-02-18,Y,N
1875,2020-02-19,Y,N
1876,2020-02-20,Y,N
1877,2020-02-21,Y,N
1878,2020-02-22,Y,N
1879,2020-02-23,Y,N
1880,2020-02-24,Y,N
1881,2020-02-25,Y,N
1882,2020-02-26,Y,N
1883,2020-02-27,Y,N
1884,2020-02-28,Y,N
1885,2020-02-29,Y,N
1886,2020-03-01,Y,N
1887,2020-03-02,Y,N
1888,2020-03-03,Y,N
1889,2020-03-04,Y,N
1890,2020-03-05,Y,N
1891,2020-03-06,Y,N
1892,2020-03-07,Y,N
1893,2020-03-08,Y,N
1894,2020-03-09,Y,Y
1895,2020-03-10,Y,N
1896,2020-03-11,Y,N
1897,2020-03-12,Y,N
1898,2020-03-13,Y,N
1899,2020-03-14,Y,N
1900,2020-03-15,Y,N
1901,2020-03-16,Y,N
1902,2020-03-17,Y,N
1903,2020-03-18,Y,N
1904,2020-03-19,Y,N
1905,2020-03-20,Y,N
1906,2020-03-21,Y,N
1907,2020-03-22,Y,N
1908,2020-03-23,Y,N
1909,2020-03-24,N,N
1910,2020-03-25,N,N
1911,2020-03-26,N,N
1912,2020-03-27,N,N
1913,2020-03-28,N,N
1914,2020-03-29,N,N
1915,2020-03-30,N,N
1916,2020-03-31,N,N
1917,2020-04-01,N,N
1918,2020-04-02,N,N
1919,2020-04-03,N,N
1920,2020-04-04,N,N
1921,2020-04-05,N,N
1922,2020-04-06,N,N
1923,2020-04-07,N,N
1924,2020-04-08,N,N
1925,2020-04-09,N,N
1926,2020-04-10,N,Y
1927,2020-04-11,N,Y
1928,2020-04-12,N,Y
1929,2020-04-13,N,Y
1930,2020-04-14,N,N
1931,2020-04-15,N,N
1932,2020-04-16,N,N
1933,2020-04-17,N,N
1934,2020-04-18,N,N
1935,2020-04-19,N,N
1936,2020-04-20,N,N
1937,2020-04-21,N,N
1938,2020-04-22,N,N
1939,2020-04-23,N,N
1940,2020-04-24,N,N
1941,2020-04-25,N,Y
1942,2020-04-26,N,N
1943,2020-04-27,N,N
1944,2020-04-28,N,N
1945,2020-04-29,N,N
1946,2020-04-30,N,N
1947,2020-05-01,N,N
1948,2020-05-02,N,N
1949,2020-05-03,N,N
1950,2020-05-04,N,N
1951,2020-05-05,N,N
1952,2020-05-06,N,N
1953,2020-05-07,N,N
1954,2020-05-08,N,N
1955,2020-05-09,N,N
1956,2020-05-10,N,N
1957,2020-05-11,N,N
1958,2020-05-12,N,N
1959,2020-05-13,N,N
1960,2020-05-14,N,N
1961,2020-05-15,N,N
1962,2020-05-16,N,N
1963,2020-05-17,N,N
1964,2020-05-18,N,N
1965,2020-05-19,N,N
1966,2020-05-20,N,N
1967,2020-05-21,N,N
1968,2020-05-22,N,N
1969,2020-05-23,N,N
1970,2020-05-24,N,N
1971,2020-05-25,N,N
1972,2020-05-26,N,N
1973,2020-05-27,Y,N
1974,2020-05-28,Y,N
1975,2020-05-29,Y,N
1976,2020-05-30,Y,N
1977,2020-05-31,Y,N
1978,2020-06-01,Y,N
1979,2020-06-02,Y,N
1980,2020-06-03,Y,N
1981,2020-06-04,Y,N
1982,2020-06-05,Y,N
1983,2020-06-06,Y,N
1984,2020-06-07,Y,N
1985,2020-06-08,Y,Y
1986,2020-06-09,Y,N
1987,2020-06-10,Y,N
1988,2020-06-11,Y,N
1989,2020-06-12,Y,N
1990,2020-06-13,Y,N
1991,2020-06-14,Y,N
1992,2020-06-15,Y,N
1993,2020-06-16,Y,N
1994,2020-06-17,Y,N
1995,2020-06-18,Y,N
1996,2020-06-19,Y,N
1997,2020-06-20,Y,N
1998,2020-06-21,Y,N
1999,2020-06-22,Y,N
2000,2020-06-23,Y,N
2001,2020-06-24,Y,N
2002,2020-06-25,Y,N
2003,2020-06-26,N,N
2004,2020-06-27,N,N
2005,2020-06-28,N,N
2006,2020-06-29,N,N
2007,2020-06-30,N,N
2008,2020-07-01,N,N
2009,2020-07-02,N,N
2010,2020-07-03,N,N
2011,2020-07-04,N,N
2012,2020-07-05,N,N
2013,2020-07-06,N,N
2014,2020-07-07,N,N
2015,2020-07-08,N,N
2016,2020-07-09,N,N
2017,2020-07-10,N,N
2018,2020-07-11,N,N
2019,2020-07-12,N,N
2020,2020-07-13,N,N
2021,2020-07-14,Y,N
2022,2020-07-15,Y,N
2023,2020-07-16,Y,N
2024,2020-07-17,Y,N
2025,2020-07-18,Y,N
2026,2020-07-19,Y,N
2027,2020-07-20,Y,N
2028,2020-07-21,Y,N
2029,2020-07-22,Y,N
2030,2020-07-23,Y,N
2031,2020-07-24,Y,N
2032,2020-07-25,Y,N
2033,2020-07-26,Y,N
2034,2020-07-27,Y,N
2035,2020-07-28,Y,N
2036,2020-07-29,Y,N
2037,2020-07-30,Y,N
2038,2020-07-31,Y,N
2039,2020-08-01,Y,N
2040,2020-08-02,Y,N
2041,2020-08-03,Y,N
2042,2020-08-04,N,N
2043,2020-08-05,N,N
2044,2020-08-06,N,N
2045,2020-08-07,N,N
2046,2020-08-08,N,N
2047,2020-08-09,N,N
2048,2020-08-10,N,N
2049,2020-08-11,N,N
2050,2020-08-12,N,N
2051,2020-08-13,N,N
2052,2020-08-14,N,N
2053,2020-08-15,N,N
2054,2020-08-16,N,N
2055,2020-08-17,N,N
2056,2020-08-18,N,N
2057,2020-08-19,N,N
2058,2020-08-20,N,N
2059,2020-08-21,N,N
2060,2020-08-22,N,N
2061,2020-08-23,N,N
2062,2020-08-24,N,N
2063,2020-08-25,N,N
2064,2020-08-26,N,N
2065,2020-08-27,N,N
2066,2020-08-28,N,N
2067,2020-08-29,N,N
2068,2020-08-30,N,N
2069,2020-08-31,N,N
2070,2020-09-01,N,N
2071,2020-09-02,N,N
2072,2020-09-03,N,N
2073,2020-09-04,N,N
2074,2020-09-05,N,N
2075,2020-09-06,N,N
2076,2020-09-07,N,N
2077,2020-09-08,N,N
2078,2020-09-09,N,N
2079,2020-09-10,N,N
2080,2020-09-11,N,N
2081,2020-09-12,N,N
2082,2020-09-13,N,N
2083,2020-09-14,N,N
2084,2020-09-15,N,N
2085,2020-09-16,N,N
2086,2020-09-17,N,N
2087,2020-09-18,N,N
2088,2020-09-19,N,N
2089,2020-09-20,N,N
2090,2020-09-21,N,N
2091,2020-09-22,N,N
2092,2020-09-23,N,N
2093,2020-09-24,N,N
2094,2020-09-25,N,N
2095,2020-09-26,N,N
2096,2020-09-27,N,N
2097,2020-09-28,N,N
2098,2020-09-29,N,N
2099,2020-09-30,N,N
2100,2020-10-01,N,N
2101,2020-10-02,N,N
2102,2020-10-03,N,N
2103,2020-10-04,N,N
2104,2020-10-05,N,N
2105,2020-10-06,N,N
