,date,min_temperature,max_temperature,solar_exposure,rainfall
0,2015-01-01,13.3,26.9,23.6,0.0
1,2015-01-02,15.4,38.8,26.8,0.0
2,2015-01-03,20.0,38.2,26.5,0.0
3,2015-01-04,16.3,21.4,25.2,4.2
4,2015-01-05,15.0,22.0,30.7,0.0
5,2015-01-06,17.7,26.0,31.6,0.0
6,2015-01-07,18.9,37.4,20.7,0.0
7,2015-01-08,23.1,28.2,13.5,19.4
8,2015-01-09,16.5,18.0,3.1,1.2
9,2015-01-10,13.6,21.7,5.6,5.2
10,2015-01-11,15.6,27.5,29.9,0.0
11,2015-01-12,16.1,31.3,31.6,0.0
12,2015-01-13,20.2,25.6,4.2,0.0
13,2015-01-14,18.3,22.7,15.2,15.8
14,2015-01-15,15.8,20.0,14.6,0.0
15,2015-01-16,13.1,27.3,30.3,0.0
16,2015-01-17,15.9,25.0,27.5,0.0
17,2015-01-18,15.3,19.5,23.4,0.0
18,2015-01-19,13.5,23.6,29.0,0.0
19,2015-01-20,13.0,30.4,19.6,0.0
20,2015-01-21,19.7,33.1,25.8,0.0
21,2015-01-22,18.7,35.8,23.1,0.0
22,2015-01-23,20.2,25.0,28.6,0.0
23,2015-01-24,15.8,26.3,30.3,0.0
24,2015-01-25,14.7,22.0,25.4,0.0
25,2015-01-26,11.6,19.8,19.9,1.0
26,2015-01-27,11.7,19.1,17.7,0.6
27,2015-01-28,13.3,25.4,27.0,0.0
28,2015-01-29,12.8,22.2,28.9,0.0
29,2015-01-30,13.1,21.0,27.6,0.0
30,2015-01-31,14.3,20.2,26.2,0.0
31,2015-02-01,13.2,19.0,17.3,9.2
32,2015-02-02,13.5,21.1,23.9,3.8
33,2015-02-03,16.1,20.0,22.7,0.0
34,2015-02-04,14.8,19.0,21.2,0.0
35,2015-02-05,13.3,24.2,28.8,0.0
36,2015-02-06,14.5,35.7,28.4,0.0
37,2015-02-07,18.8,35.0,16.1,0.0
38,2015-02-08,18.9,21.5,16.6,0.0
39,2015-02-09,13.6,28.3,28.6,0.0
40,2015-02-10,16.4,27.8,27.7,0.0
41,2015-02-11,18.1,26.8,24.1,0.0
42,2015-02-12,17.8,21.9,23.8,0.0
43,2015-02-13,16.1,32.4,14.9,0.0
44,2015-02-14,19.0,25.1,20.8,19.6
45,2015-02-15,18.2,34.4,25.7,0.4
46,2015-02-16,17.4,24.6,26.3,0.0
47,2015-02-17,17.6,20.6,8.3,0.0
48,2015-02-18,17.7,21.2,7.8,0.0
49,2015-02-19,18.2,26.9,24.7,0.0
50,2015-02-20,17.4,25.3,24.7,0.0
51,2015-02-21,18.1,36.1,20.0,0.0
52,2015-02-22,20.3,35.3,11.7,1.6
53,2015-02-23,21.1,29.3,4.7,0.0
54,2015-02-24,15.9,20.1,21.4,3.2
55,2015-02-25,14.0,27.0,24.1,0.0
56,2015-02-26,16.0,23.2,18.5,0.0
57,2015-02-27,14.8,24.3,21.7,0.0
58,2015-02-28,17.9,32.3,6.9,0.0
59,2015-03-01,15.2,20.8,23.3,15.8
60,2015-03-02,11.6,23.0,22.0,0.0
61,2015-03-03,15.5,22.7,21.2,0.0
62,2015-03-04,15.4,23.5,23.0,0.0
63,2015-03-05,12.6,18.6,22.5,0.8
64,2015-03-06,14.1,21.1,10.8,0.2
65,2015-03-07,15.4,22.6,10.8,0.2
66,2015-03-08,16.2,24.4,20.4,0.0
67,2015-03-09,14.4,23.8,18.6,0.0
68,2015-03-10,16.2,21.7,22.1,0.0
69,2015-03-11,11.2,23.8,22.3,0.0
70,2015-03-12,13.0,19.9,18.7,0.0
71,2015-03-13,14.4,20.4,21.2,0.0
72,2015-03-14,9.4,30.1,20.0,0.0
73,2015-03-15,13.1,18.3,17.5,2.2
74,2015-03-16,10.5,25.5,14.5,0.0
75,2015-03-17,13.0,26.2,4.8,0.0
76,2015-03-18,17.8,24.4,9.4,1.4
77,2015-03-19,16.5,33.5,15.1,0.0
78,2015-03-20,14.2,19.6,19.9,0.0
79,2015-03-21,11.9,22.7,20.8,0.0
80,2015-03-22,11.3,28.8,19.9,0.0
81,2015-03-23,13.6,27.0,3.9,0.0
82,2015-03-24,12.6,15.3,3.8,1.4
83,2015-03-25,13.0,20.4,13.8,0.4
84,2015-03-26,9.8,18.0,9.9,0.4
85,2015-03-27,11.6,18.1,11.2,0.2
86,2015-03-28,12.7,19.1,14.4,0.0
87,2015-03-29,8.5,22.7,18.6,0.0
88,2015-03-30,10.6,23.1,18.1,0.0
89,2015-03-31,11.2,25.3,18.1,0.0
90,2015-04-01,13.3,29.0,10.7,0.0
91,2015-04-02,12.8,17.2,17.5,0.2
92,2015-04-03,8.0,20.9,17.4,0.0
93,2015-04-04,8.5,23.5,16.2,0.0
94,2015-04-05,10.2,18.5,9.8,0.0
95,2015-04-06,11.2,18.4,13.0,0.0
96,2015-04-07,12.4,17.3,3.9,0.0
97,2015-04-08,13.3,17.7,12.6,5.6
98,2015-04-09,8.7,19.1,10.9,0.0
99,2015-04-10,8.6,18.7,15.9,0.0
100,2015-04-11,11.6,23.7,14.9,0.0
101,2015-04-12,12.1,18.3,13.4,0.0
102,2015-04-13,7.3,19.1,14.9,0.0
103,2015-04-14,10.5,24.7,8.4,1.6
104,2015-04-15,13.9,27.6,12.8,2.4
105,2015-04-16,15.6,17.8,10.9,0.0
106,2015-04-17,10.1,17.1,7.5,0.0
107,2015-04-18,13.5,21.9,9.9,3.6
108,2015-04-19,9.7,14.7,11.0,6.4
109,2015-04-20,7.0,16.2,12.7,1.4
110,2015-04-21,6.5,17.7,13.8,0.0
111,2015-04-22,9.1,19.5,7.1,0.0
112,2015-04-23,12.2,19.2,7.5,0.0
113,2015-04-24,14.4,21.1,7.8,0.0
114,2015-04-25,11.6,15.0,3.5,3.0
115,2015-04-26,10.4,15.4,5.9,7.0
116,2015-04-27,10.5,15.1,8.3,4.0
117,2015-04-28,10.1,16.0,8.9,1.6
118,2015-04-29,7.4,17.1,12.6,0.0
119,2015-04-30,6.4,19.6,12.3,0.0
120,2015-05-01,7.9,23.1,12.1,0.0
121,2015-05-02,11.6,22.2,6.1,0.0
122,2015-05-03,9.7,18.2,11.2,0.0
123,2015-05-04,7.5,22.3,11.6,0.0
124,2015-05-05,9.2,18.1,7.1,0.6
125,2015-05-06,9.5,16.2,7.6,1.4
126,2015-05-07,10.3,15.6,6.9,2.2
127,2015-05-08,10.5,15.9,5.9,0.2
128,2015-05-09,12.8,18.7,7.3,0.0
129,2015-05-10,12.8,16.6,5.9,8.6
130,2015-05-11,12.4,15.9,7.9,2.6
131,2015-05-12,12.8,17.4,5.9,0.0
132,2015-05-13,6.3,12.8,8.7,6.8
133,2015-05-14,7.3,14.6,6.7,4.4
134,2015-05-15,11.5,14.5,6.2,1.8
135,2015-05-16,11.3,16.2,10.4,0.0
136,2015-05-17,7.4,20.5,10.3,0.0
137,2015-05-18,7.2,20.4,10.2,0.0
138,2015-05-19,9.9,16.2,3.2,0.0
139,2015-05-20,13.6,18.1,6.0,2.4
140,2015-05-21,10.3,13.6,3.5,6.2
141,2015-05-22,9.1,14.1,6.7,0.4
142,2015-05-23,10.4,13.3,7.7,0.0
143,2015-05-24,6.0,15.6,8.6,0.0
144,2015-05-25,7.4,17.1,8.1,0.0
145,2015-05-26,5.4,15.6,6.8,0.0
146,2015-05-27,7.9,18.7,7.4,0.0
147,2015-05-28,13.1,19.7,8.4,0.0
148,2015-05-29,9.5,15.8,6.6,0.0
149,2015-05-30,11.0,17.3,8.0,0.0
150,2015-05-31,12.3,16.8,4.9,0.0
151,2015-06-01,5.2,12.2,8.1,8.2
152,2015-06-02,7.1,11.4,4.6,4.2
153,2015-06-03,8.1,13.6,8.2,0.8
154,2015-06-04,4.4,11.3,5.5,0.0
155,2015-06-05,7.0,15.0,7.0,4.2
156,2015-06-06,9.2,16.6,6.4,0.2
157,2015-06-07,11.2,14.5,6.9,0.0
158,2015-06-08,11.1,18.5,8.2,0.0
159,2015-06-09,10.3,13.5,8.6,4.0
160,2015-06-10,7.5,13.4,7.1,0.0
161,2015-06-11,5.7,14.0,8.3,
162,2015-06-12,5.2,13.1,6.9,0.0
163,2015-06-13,6.0,18.2,8.0,0.0
164,2015-06-14,5.8,17.4,8.0,0.0
165,2015-06-15,7.1,16.9,6.6,0.0
166,2015-06-16,9.5,16.1,3.3,5.0
167,2015-06-17,11.7,13.8,4.7,0.0
168,2015-06-18,10.7,12.7,4.2,1.0
169,2015-06-19,7.0,12.4,7.9,0.2
170,2015-06-20,4.1,11.6,7.1,0.0
171,2015-06-21,2.2,12.9,8.6,0.0
172,2015-06-22,3.6,14.1,6.2,0.0
173,2015-06-23,9.6,17.6,5.8,0.0
174,2015-06-24,12.2,16.0,7.7,0.0
175,2015-06-25,9.6,14.0,6.3,0.0
176,2015-06-26,10.5,16.9,7.1,0.0
177,2015-06-27,8.0,14.1,5.0,0.0
178,2015-06-28,9.6,14.5,4.1,0.0
179,2015-06-29,6.9,12.3,5.6,0.0
180,2015-06-30,5.0,14.2,7.9,0.0
181,2015-07-01,7.4,15.0,6.9,0.0
182,2015-07-02,10.3,11.9,7.0,0.6
183,2015-07-03,5.9,12.0,5.0,2.6
184,2015-07-04,7.3,10.6,2.8,0.0
185,2015-07-05,8.2,14.9,8.2,2.0
186,2015-07-06,7.5,11.5,4.4,1.6
187,2015-07-07,7.4,14.2,7.0,2.2
188,2015-07-08,4.9,14.8,8.5,0.2
189,2015-07-09,6.5,13.4,3.5,0.0
190,2015-07-10,7.6,14.3,5.8,0.0
191,2015-07-11,10.9,13.1,3.7,0.2
192,2015-07-12,3.4,12.3,2.9,1.6
193,2015-07-13,6.1,12.7,4.2,28.4
194,2015-07-14,8.1,9.8,4.8,3.8
195,2015-07-15,5.8,10.5,7.4,3.6
196,2015-07-16,6.6,12.3,8.1,0.2
197,2015-07-17,7.3,12.3,6.5,2.4
198,2015-07-18,6.1,11.5,9.5,0.4
199,2015-07-19,0.6,12.1,9.7,0.0
200,2015-07-20,1.8,14.7,9.7,0.0
201,2015-07-21,4.2,17.0,8.6,0.0
202,2015-07-22,11.4,16.6,6.0,1.6
203,2015-07-23,5.1,16.1,9.5,0.0
204,2015-07-24,7.6,15.0,4.4,1.2
205,2015-07-25,9.4,13.3,7.7,0.8
206,2015-07-26,8.1,11.6,8.5,3.2
207,2015-07-27,6.2,13.9,9.6,0.8
208,2015-07-28,7.9,14.4,10.2,0.0
209,2015-07-29,8.4,14.0,9.0,0.0
210,2015-07-30,8.6,12.3,4.5,0.0
211,2015-07-31,4.1,14.0,10.8,0.6
212,2015-08-01,6.5,11.4,4.2,0.2
213,2015-08-02,7.8,14.9,8.3,0.0
214,2015-08-03,7.3,10.8,9.4,6.4
215,2015-08-04,3.5,11.3,7.1,0.0
216,2015-08-05,6.6,10.8,8.0,1.0
217,2015-08-06,7.1,12.8,7.0,1.6
218,2015-08-07,9.0,13.1,9.0,1.4
219,2015-08-08,8.8,12.6,6.6,0.4
220,2015-08-09,7.7,13.3,6.9,0.0
221,2015-08-10,8.3,16.0,10.7,0.2
222,2015-08-11,7.8,14.8,11.7,0.8
223,2015-08-12,9.3,14.8,9.2,0.0
224,2015-08-13,8.4,13.0,7.0,0.2
225,2015-08-14,10.4,15.3,7.3,0.0
226,2015-08-15,10.0,14.9,10.9,0.4
227,2015-08-16,4.7,17.0,9.5,0.2
228,2015-08-17,6.8,12.2,9.9,2.4
229,2015-08-18,6.1,11.1,9.8,0.6
230,2015-08-19,5.5,12.7,10.2,0.0
231,2015-08-20,6.1,17.1,12.7,0.0
232,2015-08-21,10.9,18.7,4.1,0.0
233,2015-08-22,11.8,18.8,11.8,0.0
234,2015-08-23,7.9,16.3,13.1,0.0
235,2015-08-24,8.5,14.5,9.6,0.0
236,2015-08-25,9.5,14.3,8.1,0.0
237,2015-08-26,9.2,14.6,7.8,0.2
238,2015-08-27,9.8,11.7,2.7,0.8
239,2015-08-28,8.1,13.2,12.2,17.4
240,2015-08-29,6.3,11.7,9.1,1.8
241,2015-08-30,7.9,12.5,14.3,2.2
242,2015-08-31,8.1,13.0,11.5,0.0
243,2015-09-01,5.1,16.2,15.7,0.0
244,2015-09-02,8.0,18.8,10.5,0.0
245,2015-09-03,10.6,14.0,8.0,4.4
246,2015-09-04,8.7,13.7,13.0,0.0
247,2015-09-05,10.2,14.0,14.8,0.0
248,2015-09-06,5.8,16.6,11.8,0.0
249,2015-09-07,8.9,13.6,9.2,3.6
250,2015-09-08,8.8,12.8,11.1,2.0
251,2015-09-09,10.0,15.3,11.4,0.0
252,2015-09-10,10.0,15.7,17.3,0.0
253,2015-09-11,5.1,20.1,17.7,0.0
254,2015-09-12,12.2,21.7,10.2,0.0
255,2015-09-13,13.2,25.5,17.1,0.0
256,2015-09-14,15.4,26.7,17.8,0.0
257,2015-09-15,10.8,15.9,15.0,15.8
258,2015-09-16,8.9,14.8,17.6,0.0
259,2015-09-17,9.0,14.3,12.4,0.4
260,2015-09-18,10.5,14.7,8.1,0.0
261,2015-09-19,6.5,21.3,17.0,0.0
262,2015-09-20,8.5,22.9,17.3,0.0
263,2015-09-21,14.0,18.1,6.7,0.0
264,2015-09-22,7.6,12.7,17.4,4.4
265,2015-09-23,8.5,12.6,20.3,0.0
266,2015-09-24,5.1,14.3,18.2,0.0
267,2015-09-25,5.8,19.1,20.2,0.0
268,2015-09-26,6.6,17.9,20.1,0.0
269,2015-09-27,9.8,20.2,19.6,0.0
270,2015-09-28,8.3,21.4,13.6,0.0
271,2015-09-29,9.0,16.9,13.5,0.0
272,2015-09-30,11.5,15.9,16.8,0.0
273,2015-10-01,6.0,21.6,21.7,0.0
274,2015-10-02,9.9,28.6,21.7,0.0
275,2015-10-03,16.3,31.3,22.2,0.0
276,2015-10-04,13.9,24.9,22.2,0.0
277,2015-10-05,12.7,34.4,22.0,0.0
278,2015-10-06,15.5,35.8,18.9,0.0
279,2015-10-07,11.8,16.2,23.6,0.0
280,2015-10-08,7.6,18.6,23.3,0.0
281,2015-10-09,10.9,29.9,22.0,0.0
282,2015-10-10,17.5,29.2,11.9,0.0
283,2015-10-11,16.9,19.2,19.6,0.4
284,2015-10-12,11.3,16.1,13.4,0.6
285,2015-10-13,7.9,17.6,24.3,0.4
286,2015-10-14,11.2,28.6,24.4,0.0
287,2015-10-15,14.4,34.0,22.2,0.0
288,2015-10-16,17.0,23.8,8.4,0.0
289,2015-10-17,11.5,20.5,20.4,0.0
290,2015-10-18,12.6,17.7,24.2,0.0
291,2015-10-19,8.3,26.7,25.8,0.0
292,2015-10-20,12.9,31.8,14.4,0.0
293,2015-10-21,17.6,18.3,7.3,2.4
294,2015-10-22,11.4,16.7,8.5,7.0
295,2015-10-23,11.8,16.4,21.0,0.0
296,2015-10-24,9.2,19.5,25.1,0.0
297,2015-10-25,10.2,31.3,20.1,0.0
298,2015-10-26,14.0,15.9,14.5,0.2
299,2015-10-27,10.4,23.3,28.1,0.2
300,2015-10-28,10.1,26.8,27.6,0.0
301,2015-10-29,13.7,26.1,26.8,0.0
302,2015-10-30,12.6,27.4,22.6,0.0
303,2015-10-31,15.7,25.9,13.5,1.0
304,2015-11-01,16.4,26.0,10.0,4.4
305,2015-11-02,14.5,16.0,8.2,0.0
306,2015-11-03,8.0,17.9,25.4,0.2
307,2015-11-04,10.9,27.2,19.6,0.0
308,2015-11-05,16.2,24.7,16.4,12.2
309,2015-11-06,16.6,18.7,3.7,17.6
310,2015-11-07,11.9,16.8,25.2,1.2
311,2015-11-08,8.5,24.8,25.1,0.0
312,2015-11-09,13.6,33.1,26.4,0.0
313,2015-11-10,15.2,16.4,5.3,0.0
314,2015-11-11,11.5,20.1,16.0,2.0
315,2015-11-12,13.7,21.2,19.2,0.0
316,2015-11-13,13.5,18.2,26.1,0.4
317,2015-11-14,12.1,18.3,27.5,0.2
318,2015-11-15,13.0,18.5,27.6,0.2
319,2015-11-16,11.4,26.3,29.4,0.2
320,2015-11-17,15.7,33.3,24.0,0.0
321,2015-11-18,14.7,29.5,29.2,0.0
322,2015-11-19,15.6,31.5,20.6,0.0
323,2015-11-20,15.4,19.1,6.4,0.4
324,2015-11-21,12.2,17.5,20.9,3.6
325,2015-11-22,13.5,20.0,27.3,0.0
326,2015-11-23,13.8,20.7,27.3,0.0
327,2015-11-24,13.6,24.5,30.0,0.0
328,2015-11-25,13.5,33.3,9.3,0.0
329,2015-11-26,10.8,17.4,23.3,0.0
330,2015-11-27,9.0,18.2,16.8,0.4
331,2015-11-28,12.0,20.1,27.1,0.0
332,2015-11-29,12.6,20.3,23.4,0.0
333,2015-11-30,10.0,32.2,26.6,0.0
334,2015-12-01,14.5,24.6,24.4,1.8
335,2015-12-02,9.2,17.5,32.4,0.0
336,2015-12-03,12.2,21.3,30.1,0.0
337,2015-12-04,11.3,30.8,32.2,0.0
338,2015-12-05,15.5,25.3,27.9,0.0
339,2015-12-06,15.3,29.8,13.5,0.0
340,2015-12-07,18.1,27.3,8.7,0.0
341,2015-12-08,20.3,35.4,19.8,0.8
342,2015-12-09,15.4,24.6,27.0,0.0
343,2015-12-10,13.1,26.0,32.0,0.0
344,2015-12-11,14.2,19.2,13.0,0.0
345,2015-12-12,10.1,18.3,27.9,2.0
346,2015-12-13,10.3,28.3,28.6,0.0
347,2015-12-14,11.9,22.7,31.6,0.0
348,2015-12-15,14.4,24.6,30.3,0.0
349,2015-12-16,15.6,27.5,32.5,0.0
350,2015-12-17,16.9,37.2,33.1,0.0
351,2015-12-18,19.4,35.4,31.2,0.0
352,2015-12-19,19.2,41.2,20.5,0.0
353,2015-12-20,25.9,37.8,10.4,0.0
354,2015-12-21,15.0,20.2,25.4,6.0
355,2015-12-22,12.0,22.8,32.9,0.0
356,2015-12-23,15.1,26.0,32.4,0.0
357,2015-12-24,16.7,34.6,32.8,0.4
358,2015-12-25,21.7,34.1,33.3,0.0
359,2015-12-26,12.7,20.0,19.2,30.6
360,2015-12-27,11.9,19.4,27.6,5.2
361,2015-12-28,12.8,20.8,33.2,0.0
362,2015-12-29,12.4,23.9,33.0,0.0
363,2015-12-30,13.9,34.7,32.8,0.0
364,2015-12-31,19.7,39.7,29.6,0.0
365,2016-01-01,19.8,24.2,22.0,0.0
366,2016-01-02,17.1,27.6,25.1,0.0
367,2016-01-03,17.5,27.1,25.7,0.0
368,2016-01-04,16.3,26.0,15.3,0.0
369,2016-01-05,17.1,25.7,25.8,0.0
370,2016-01-06,17.3,25.7,18.1,0.0
371,2016-01-07,16.3,21.3,30.4,0.0
372,2016-01-08,16.2,20.6,25.4,0.0
373,2016-01-09,16.8,21.4,21.3,0.0
374,2016-01-10,15.7,31.5,31.3,0.0
375,2016-01-11,17.2,36.4,15.8,0.0
376,2016-01-12,17.1,24.8,29.1,0.8
377,2016-01-13,16.8,42.2,25.0,0.2
378,2016-01-14,16.1,18.1,3.9,0.4
379,2016-01-15,13.6,19.2,19.7,1.0
380,2016-01-16,11.9,22.3,32.6,0.0
381,2016-01-17,14.9,32.7,31.5,0.0
382,2016-01-18,18.6,35.3,30.4,0.0
383,2016-01-19,17.9,30.9,27.2,0.0
384,2016-01-20,19.3,29.1,18.6,1.0
385,2016-01-21,19.0,26.7,14.9,0.8
386,2016-01-22,17.5,22.8,6.5,1.6
387,2016-01-23,17.3,21.9,23.2,7.0
388,2016-01-24,16.2,22.2,23.4,5.2
389,2016-01-25,16.7,20.9,25.7,0.4
390,2016-01-26,16.5,29.4,28.7,0.0
391,2016-01-27,19.3,29.5,22.2,0.0
392,2016-01-28,20.3,27.5,19.0,3.6
393,2016-01-29,14.4,18.3,14.3,14.2
394,2016-01-30,12.3,22.4,24.0,1.2
395,2016-01-31,13.9,21.8,26.3,10.6
396,2016-02-01,12.5,23.6,29.4,0.0
397,2016-02-02,15.4,31.5,25.5,0.0
398,2016-02-03,18.1,21.0,11.0,0.6
399,2016-02-04,17.3,20.9,21.7,2.4
400,2016-02-05,15.3,29.4,29.0,0.0
401,2016-02-06,16.5,32.6,28.8,0.0
402,2016-02-07,19.1,27.7,28.5,0.0
403,2016-02-08,19.2,22.9,23.3,0.0
404,2016-02-09,17.4,22.7,27.7,0.0
405,2016-02-10,17.4,23.3,25.3,0.0
406,2016-02-11,18.0,23.8,27.6,0.0
407,2016-02-12,16.7,24.9,27.9,0.0
408,2016-02-13,17.7,30.3,23.4,0.0
409,2016-02-14,16.4,24.5,22.9,0.0
410,2016-02-15,14.0,26.1,25.4,0.0
411,2016-02-16,13.7,18.4,14.5,3.6
412,2016-02-17,12.7,21.1,16.2,0.6
413,2016-02-18,15.5,22.6,20.6,1.2
414,2016-02-19,15.8,22.0,11.2,0.2
415,2016-02-20,15.8,20.8,23.8,0.0
416,2016-02-21,12.6,24.7,26.5,0.0
417,2016-02-22,15.6,29.5,8.4,0.0
418,2016-02-23,18.1,39.4,19.4,0.0
419,2016-02-24,22.4,25.6,15.8,0.0
420,2016-02-25,19.6,26.4,13.8,0.4
421,2016-02-26,15.5,23.5,19.3,0.0
422,2016-02-27,17.7,22.2,17.7,0.0
423,2016-02-28,17.7,22.7,21.5,0.0
424,2016-02-29,15.0,23.7,18.2,0.0
425,2016-03-01,17.3,33.7,23.4,0.0
426,2016-03-02,17.6,34.7,22.6,0.0
427,2016-03-03,17.4,23.9,21.8,0.2
428,2016-03-04,16.5,33.0,21.2,0.2
429,2016-03-05,20.4,23.7,11.4,1.2
430,2016-03-06,17.4,25.2,21.3,0.0
431,2016-03-07,18.6,24.9,7.9,3.2
432,2016-03-08,19.9,38.9,20.8,0.6
433,2016-03-09,20.8,28.5,10.8,0.0
434,2016-03-10,18.1,22.1,3.9,0.6
435,2016-03-11,18.8,26.1,19.6,8.4
436,2016-03-12,18.7,22.3,7.0,0.2
437,2016-03-13,17.7,23.2,13.8,0.0
438,2016-03-14,18.4,21.3,10.6,0.0
439,2016-03-15,15.1,26.8,20.7,0.0
440,2016-03-16,15.3,31.4,18.9,0.0
441,2016-03-17,18.3,32.5,19.6,0.0
442,2016-03-18,15.2,19.5,6.7,13.4
443,2016-03-19,12.0,18.8,10.7,5.8
444,2016-03-20,10.1,23.3,19.0,0.2
445,2016-03-21,11.2,23.5,19.7,0.0
446,2016-03-22,11.4,24.3,21.1,0.0
447,2016-03-23,13.7,28.8,12.7,0.0
448,2016-03-24,16.3,21.2,10.4,0.0
449,2016-03-25,15.9,20.4,14.4,0.0
450,2016-03-26,14.1,20.2,8.2,0.4
451,2016-03-27,14.3,19.9,14.0,1.0
452,2016-03-28,9.4,19.2,13.0,0.2
453,2016-03-29,14.5,17.9,5.7,0.0
454,2016-03-30,15.5,18.7,8.5,0.0
455,2016-03-31,11.3,22.7,17.1,0.0
456,2016-04-01,13.1,26.5,16.7,0.0
457,2016-04-02,15.5,19.5,8.3,0.0
458,2016-04-03,11.3,18.8,15.4,0.0
459,2016-04-04,9.7,21.2,18.4,0.0
460,2016-04-05,12.3,29.0,17.1,0.0
461,2016-04-06,13.6,15.6,3.9,12.8
462,2016-04-07,8.3,18.4,13.1,6.8
463,2016-04-08,11.9,20.0,9.6,0.0
464,2016-04-09,10.4,22.3,13.0,0.0
465,2016-04-10,13.6,23.5,9.6,0.0
466,2016-04-11,14.5,20.1,14.1,0.0
467,2016-04-12,14.0,18.7,13.5,0.2
468,2016-04-13,11.3,20.0,12.6,0.2
469,2016-04-14,11.6,27.0,12.7,0.0
470,2016-04-15,13.4,27.0,15.9,0.0
471,2016-04-16,14.0,20.3,8.3,0.0
472,2016-04-17,13.1,19.8,14.7,0.0
473,2016-04-18,9.8,25.0,15.0,0.0
474,2016-04-19,13.6,27.4,14.5,0.0
475,2016-04-20,15.3,28.0,14.0,0.0
476,2016-04-21,17.1,24.2,5.6,0.4
477,2016-04-22,14.6,16.7,7.9,21.6
478,2016-04-23,12.3,18.6,8.5,0.0
479,2016-04-24,9.1,20.0,14.8,0.0
480,2016-04-25,9.9,25.0,14.8,0.0
481,2016-04-26,11.3,25.6,14.6,0.0
482,2016-04-27,13.0,25.4,13.5,0.0
483,2016-04-28,19.8,24.9,5.3,0.0
484,2016-04-29,16.9,20.6,3.7,0.4
485,2016-04-30,16.4,24.1,12.7,6.2
486,2016-05-01,14.4,17.0,9.0,9.8
487,2016-05-02,9.0,18.4,12.3,0.4
488,2016-05-03,12.3,20.1,8.8,0.0
489,2016-05-04,9.8,18.2,11.8,0.2
490,2016-05-05,12.6,20.5,12.3,0.0
491,2016-05-06,15.9,24.7,13.2,0.0
492,2016-05-07,11.4,25.7,12.6,0.0
493,2016-05-08,15.5,20.4,3.5,5.4
494,2016-05-09,15.4,22.2,6.7,0.8
495,2016-05-10,13.7,17.2,7.6,12.0
496,2016-05-11,12.2,17.4,6.3,0.2
497,2016-05-12,14.1,21.4,6.1,0.2
498,2016-05-13,15.9,21.6,9.9,0.0
499,2016-05-14,14.5,21.7,12.6,0.0
500,2016-05-15,15.0,22.0,6.7,0.0
501,2016-05-16,7.7,19.6,8.9,0.0
502,2016-05-17,11.4,17.1,5.4,0.2
503,2016-05-18,13.0,19.3,7.2,0.0
504,2016-05-19,14.6,18.4,2.2,0.0
505,2016-05-20,11.6,17.4,8.3,1.8
506,2016-05-21,8.1,18.5,8.9,0.0
507,2016-05-22,9.2,22.2,8.5,0.0
508,2016-05-23,12.8,17.2,7.1,2.2
509,2016-05-24,10.7,15.8,7.3,1.8
510,2016-05-25,7.6,15.6,4.9,0.0
511,2016-05-26,10.3,12.5,3.1,12.4
512,2016-05-27,9.2,14.4,8.0,4.8
513,2016-05-28,5.7,13.2,6.2,0.6
514,2016-05-29,8.7,13.9,6.5,4.2
515,2016-05-30,7.2,15.4,9.5,0.0
516,2016-05-31,3.6,17.4,9.5,0.0
517,2016-06-01,4.8,17.0,8.2,0.0
518,2016-06-02,4.8,12.8,9.2,0.0
519,2016-06-03,6.8,14.1,8.5,0.0
520,2016-06-04,9.8,13.4,3.7,6.2
521,2016-06-05,10.5,14.1,3.3,3.4
522,2016-06-06,8.9,14.5,7.1,1.4
523,2016-06-07,10.5,15.3,4.7,0.0
524,2016-06-08,9.7,14.7,4.7,1.2
525,2016-06-09,10.8,17.5,6.0,1.4
526,2016-06-10,10.4,15.8,6.6,0.0
527,2016-06-11,9.0,13.5,6.5,3.0
528,2016-06-12,5.0,13.8,7.3,0.6
529,2016-06-13,3.8,13.4,9.0,0.0
530,2016-06-14,8.6,15.6,8.3,0.0
531,2016-06-15,6.0,17.9,9.2,0.0
532,2016-06-16,7.8,14.3,5.1,0.0
533,2016-06-17,9.3,15.1,3.5,4.2
534,2016-06-18,10.0,12.7,5.3,8.6
535,2016-06-19,7.3,13.5,7.2,0.4
536,2016-06-20,9.1,13.2,3.4,3.6
537,2016-06-21,10.4,14.7,7.0,3.2
538,2016-06-22,11.2,15.4,6.6,0.0
539,2016-06-23,10.4,14.8,7.2,0.6
540,2016-06-24,6.9,10.7,5.8,13.8
541,2016-06-25,5.6,12.7,8.8,2.0
542,2016-06-26,3.0,11.1,7.7,0.2
543,2016-06-27,4.8,10.6,4.7,0.2
544,2016-06-28,5.0,17.0,7.8,0.2
545,2016-06-29,8.9,15.8,8.9,0.2
546,2016-06-30,10.3,11.7,5.6,0.0
547,2016-07-01,7.3,14.1,7.1,6.4
548,2016-07-02,9.9,16.5,6.7,0.2
549,2016-07-03,10.9,16.7,7.8,0.0
550,2016-07-04,10.4,12.7,3.6,0.0
551,2016-07-05,8.2,12.8,1.8,0.6
552,2016-07-06,9.8,13.0,4.6,22.6
553,2016-07-07,10.5,13.7,4.1,3.8
554,2016-07-08,9.7,15.3,7.4,0.8
555,2016-07-09,5.3,15.2,9.5,0.2
556,2016-07-10,6.5,14.2,3.6,0.0
557,2016-07-11,8.3,16.0,7.6,3.6
558,2016-07-12,10.7,13.7,8.1,0.0
559,2016-07-13,4.5,12.0,9.0,0.4
560,2016-07-14,6.6,14.0,7.8,1.0
561,2016-07-15,8.8,14.1,7.2,0.0
562,2016-07-16,7.8,13.7,10.2,0.0
563,2016-07-17,3.1,16.1,10.3,0.0
564,2016-07-18,9.6,17.7,8.8,0.0
565,2016-07-19,12.6,16.0,5.7,0.0
566,2016-07-20,9.8,16.1,9.2,1.8
567,2016-07-21,6.9,18.1,7.4,1.8
568,2016-07-22,9.2,18.3,5.1,7.8
569,2016-07-23,7.5,11.6,9.0,2.8
570,2016-07-24,4.7,11.4,10.3,0.8
571,2016-07-25,6.3,14.3,7.5,0.0
572,2016-07-26,6.5,11.0,7.2,4.8
573,2016-07-27,7.5,12.9,6.9,0.4
574,2016-07-28,6.9,15.2,6.3,0.0
575,2016-07-29,10.2,15.3,5.0,0.0
576,2016-07-30,9.1,13.8,8.5,2.4
577,2016-07-31,10.3,17.0,11.3,2.0
578,2016-08-01,11.2,14.4,5.2,2.8
579,2016-08-02,8.5,13.4,11.2,14.4
580,2016-08-03,8.7,12.8,8.4,2.8
581,2016-08-04,4.9,14.6,11.1,0.8
582,2016-08-05,3.4,14.6,8.7,0.0
583,2016-08-06,5.8,14.4,7.0,0.0
584,2016-08-07,7.6,16.6,10.4,0.0
585,2016-08-08,5.0,14.2,8.0,0.0
586,2016-08-09,9.7,18.9,7.8,0.0
587,2016-08-10,9.6,15.3,11.3,0.0
588,2016-08-11,6.8,15.7,10.3,8.2
589,2016-08-12,7.7,14.1,11.7,0.0
590,2016-08-13,7.9,15.1,9.5,1.6
591,2016-08-14,8.5,18.7,11.6,0.2
592,2016-08-15,10.2,18.1,13.4,0.0
593,2016-08-16,10.0,18.2,13.5,0.0
594,2016-08-17,12.5,15.6,9.6,0.4
595,2016-08-18,7.1,21.6,13.1,0.0
596,2016-08-19,15.3,16.4,2.7,0.2
597,2016-08-20,6.9,13.6,9.7,9.4
598,2016-08-21,9.5,14.8,7.0,1.2
599,2016-08-22,7.8,16.0,8.7,5.6
600,2016-08-23,7.0,13.4,14.2,11.0
601,2016-08-24,3.7,12.7,14.0,0.0
602,2016-08-25,6.5,13.0,13.5,1.2
603,2016-08-26,7.2,14.4,8.8,0.6
604,2016-08-27,9.3,16.3,11.7,0.0
605,2016-08-28,10.5,19.0,12.2,0.0
606,2016-08-29,8.7,20.4,14.2,0.0
607,2016-08-30,10.2,16.8,5.2,0.0
608,2016-08-31,12.8,20.2,10.1,0.8
609,2016-09-01,11.6,15.5,8.8,0.0
610,2016-09-02,9.6,15.0,9.6,0.4
611,2016-09-03,10.0,15.7,12.9,0.2
612,2016-09-04,10.1,16.9,10.0,0.2
613,2016-09-05,12.8,18.4,11.7,0.0
614,2016-09-06,9.2,21.5,15.8,0.0
615,2016-09-07,9.6,21.0,16.7,0.0
616,2016-09-08,13.1,23.3,16.0,0.0
617,2016-09-09,16.0,16.7,5.9,0.6
618,2016-09-10,11.5,14.3,7.9,9.4
619,2016-09-11,7.3,17.0,11.8,1.2
620,2016-09-12,9.9,13.6,7.0,1.6
621,2016-09-13,9.6,14.6,2.8,9.0
622,2016-09-14,10.5,16.1,13.2,20.6
623,2016-09-15,8.7,14.6,6.9,2.0
624,2016-09-16,9.0,15.7,12.5,13.4
625,2016-09-17,11.1,19.8,18.8,0.0
626,2016-09-18,10.8,12.5,5.5,0.4
627,2016-09-19,8.5,16.3,16.2,0.2
628,2016-09-20,9.1,18.8,18.5,0.0
629,2016-09-21,10.9,15.2,8.8,1.2
630,2016-09-22,9.6,13.4,9.9,1.2
631,2016-09-23,9.8,16.5,16.5,0.6
632,2016-09-24,10.0,20.1,18.4,0.0
633,2016-09-25,9.5,14.7,17.1,5.8
634,2016-09-26,8.1,16.9,13.6,0.6
635,2016-09-27,7.4,14.8,13.4,12.6
636,2016-09-28,7.5,19.3,19.6,2.2
637,2016-09-29,12.5,16.7,16.2,1.8
638,2016-09-30,9.3,16.4,16.6,2.0
639,2016-10-01,11.6,18.6,11.9,1.6
640,2016-10-02,12.1,24.0,18.7,0.0
641,2016-10-03,11.1,15.9,13.7,9.2
642,2016-10-04,10.6,17.1,13.2,2.0
643,2016-10-05,8.0,17.1,7.5,2.8
644,2016-10-06,9.7,27.2,22.6,0.0
645,2016-10-07,14.1,22.5,7.8,0.0
646,2016-10-08,9.7,16.9,23.0,0.0
647,2016-10-09,9.5,22.0,14.1,0.0
648,2016-10-10,13.0,16.8,18.4,0.8
649,2016-10-11,7.5,15.1,16.7,1.4
650,2016-10-12,10.2,15.4,12.9,0.0
651,2016-10-13,6.8,14.6,22.8,4.2
652,2016-10-14,5.2,22.7,24.5,0.2
653,2016-10-15,9.4,24.8,21.8,0.0
654,2016-10-16,17.4,23.1,8.0,0.0
655,2016-10-17,9.8,18.9,14.8,9.8
656,2016-10-18,9.6,16.6,16.5,1.0
657,2016-10-19,7.5,16.5,22.1,2.6
658,2016-10-20,6.8,21.8,25.6,0.0
659,2016-10-21,14.8,17.6,1.9,0.0
660,2016-10-22,6.9,13.2,16.9,16.4
661,2016-10-23,7.9,14.1,18.7,8.8
662,2016-10-24,9.4,17.1,20.3,0.4
663,2016-10-25,9.6,25.7,23.1,0.2
664,2016-10-26,16.5,18.5,9.0,0.0
665,2016-10-27,10.1,15.4,25.8,0.2
666,2016-10-28,6.3,16.6,26.5,0.0
667,2016-10-29,9.3,25.6,25.8,0.0
668,2016-10-30,12.7,28.0,19.5,0.0
669,2016-10-31,7.9,17.5,19.0,1.8
670,2016-11-01,9.4,18.4,17.7,0.4
671,2016-11-02,9.7,18.5,13.3,0.4
672,2016-11-03,10.0,19.1,28.0,0.0
673,2016-11-04,10.2,29.2,24.9,0.0
674,2016-11-05,10.0,16.8,10.8,0.0
675,2016-11-06,11.5,21.4,25.2,0.0
676,2016-11-07,14.6,25.9,15.9,0.0
677,2016-11-08,11.0,18.2,28.9,0.2
678,2016-11-09,9.2,17.4,22.0,0.0
679,2016-11-10,11.9,17.5,20.3,0.0
680,2016-11-11,8.4,23.8,29.1,0.0
681,2016-11-12,13.2,25.5,17.0,2.0
682,2016-11-13,11.7,19.0,9.7,2.0
683,2016-11-14,11.5,15.9,14.8,8.6
684,2016-11-15,11.0,19.2,17.1,0.0
685,2016-11-16,11.9,21.6,25.8,0.0
686,2016-11-17,12.0,31.4,28.8,0.0
687,2016-11-18,15.3,18.9,15.6,0.0
688,2016-11-19,11.7,19.4,29.9,0.0
689,2016-11-20,11.9,33.3,22.1,0.0
690,2016-11-21,17.9,35.0,19.8,0.0
691,2016-11-22,14.5,14.9,1.5,8.6
692,2016-11-23,11.0,16.8,16.9,5.4
693,2016-11-24,10.3,17.0,21.6,2.2
694,2016-11-25,10.9,17.9,15.7,0.8
695,2016-11-26,12.2,17.4,18.8,0.0
696,2016-11-27,11.6,16.3,10.1,0.4
697,2016-11-28,12.2,19.6,24.4,0.2
698,2016-11-29,10.4,20.0,31.0,0.2
699,2016-11-30,13.3,18.9,9.6,0.0
700,2016-12-01,12.9,21.9,28.0,0.0
701,2016-12-02,13.0,21.6,29.7,0.0
702,2016-12-03,9.9,23.9,31.2,0.0
703,2016-12-04,12.7,31.7,14.1,0.0
704,2016-12-05,16.9,21.5,21.6,2.4
705,2016-12-06,12.8,20.8,24.2,0.0
706,2016-12-07,10.5,28.3,30.8,0.0
707,2016-12-08,15.4,23.2,11.6,2.2
708,2016-12-09,10.0,17.3,23.2,6.6
709,2016-12-10,11.2,18.8,24.2,0.2
710,2016-12-11,12.9,19.3,27.0,1.0
711,2016-12-12,10.7,32.8,30.0,0.0
712,2016-12-13,16.5,36.3,14.1,0.0
713,2016-12-14,15.7,19.3,21.3,0.0
714,2016-12-15,11.7,18.6,30.8,0.0
715,2016-12-16,9.7,25.5,20.5,0.0
716,2016-12-17,15.1,20.9,22.5,0.0
717,2016-12-18,10.0,17.5,30.3,0.0
718,2016-12-19,8.8,30.2,29.3,0.0
719,2016-12-20,14.4,21.5,26.0,3.0
720,2016-12-21,13.5,19.9,28.8,0.2
721,2016-12-22,14.6,20.0,29.6,0.0
722,2016-12-23,12.5,26.3,28.7,0.0
723,2016-12-24,16.2,34.9,26.3,0.8
724,2016-12-25,16.4,36.3,32.3,0.2
725,2016-12-26,25.4,29.3,10.2,0.0
726,2016-12-27,18.0,29.8,5.8,1.6
727,2016-12-28,20.3,38.2,15.1,1.0
728,2016-12-29,27.0,33.5,15.7,0.0
729,2016-12-30,20.1,27.8,28.8,20.4
730,2016-12-31,17.3,23.8,30.8,0.0
731,2017-01-01,16.8,21.1,8.5,0.0
732,2017-01-02,14.8,17.8,7.8,0.4
733,2017-01-03,14.6,19.5,25.9,0.4
734,2017-01-04,13.3,29.3,31.6,0.0
735,2017-01-05,18.5,31.7,29.7,0.0
736,2017-01-06,18.3,35.2,30.1,0.0
737,2017-01-07,20.9,36.7,28.5,0.0
738,2017-01-08,28.0,33.1,29.3,0.0
739,2017-01-09,18.5,24.4,14.3,0.0
740,2017-01-10,17.7,26.2,28.6,0.0
741,2017-01-11,16.6,24.3,25.9,0.0
742,2017-01-12,14.9,26.5,30.7,0.0
743,2017-01-13,17.5,28.8,1.3,1.4
744,2017-01-14,15.2,23.5,16.5,2.6
745,2017-01-15,15.2,21.5,22.7,0.0
746,2017-01-16,12.2,32.7,30.5,0.0
747,2017-01-17,16.4,37.8,25.5,0.0
748,2017-01-18,15.6,20.8,27.5,0.0
749,2017-01-19,11.0,23.4,29.7,0.0
750,2017-01-20,16.1,20.8,13.2,22.6
751,2017-01-21,15.3,22.6,25.1,0.6
752,2017-01-22,12.7,29.6,30.3,0.0
753,2017-01-23,17.8,36.7,19.2,0.0
754,2017-01-24,19.1,22.0,27.6,0.6
755,2017-01-25,13.5,21.1,29.8,0.0
756,2017-01-26,16.4,21.2,16.9,0.0
757,2017-01-27,17.0,23.6,29.3,0.0
758,2017-01-28,15.0,29.2,29.2,0.0
759,2017-01-29,15.1,27.0,29.4,0.0
760,2017-01-30,17.8,30.0,3.7,0.0
761,2017-01-31,16.5,22.1,26.8,3.0
762,2017-02-01,14.3,20.6,9.3,0.0
763,2017-02-02,14.2,24.1,28.2,0.0
764,2017-02-03,15.4,27.6,28.1,0.0
765,2017-02-04,14.6,35.9,27.3,0.0
766,2017-02-05,18.5,30.7,9.3,0.0
767,2017-02-06,15.1,18.0,3.9,32.4
768,2017-02-07,15.4,27.6,27.9,0.0
769,2017-02-08,16.5,36.0,27.7,0.0
770,2017-02-09,20.3,36.0,24.4,0.0
771,2017-02-10,18.7,27.1,21.3,0.0
772,2017-02-11,18.5,24.6,21.0,0.0
773,2017-02-12,15.1,19.9,12.6,2.0
774,2017-02-13,14.0,21.0,20.5,0.0
775,2017-02-14,14.5,19.5,15.6,0.6
776,2017-02-15,10.0,31.5,26.0,0.0
777,2017-02-16,14.9,23.6,23.2,0.0
778,2017-02-17,13.7,25.5,18.4,0.0
779,2017-02-18,13.3,18.9,16.1,0.0
780,2017-02-19,11.7,17.3,9.9,0.0
781,2017-02-20,11.6,20.3,22.4,3.6
782,2017-02-21,10.1,24.0,25.0,0.2
783,2017-02-22,12.8,33.3,23.1,0.0
784,2017-02-23,15.9,25.0,23.5,0.0
785,2017-02-24,15.8,20.0,13.2,1.4
786,2017-02-25,13.7,19.4,23.9,0.0
787,2017-02-26,13.2,29.8,24.2,0.0
788,2017-02-27,15.6,33.1,23.9,0.0
789,2017-02-28,17.3,33.6,23.6,0.0
790,2017-03-01,16.6,30.5,23.7,0.0
791,2017-03-02,17.7,23.3,22.0,0.0
792,2017-03-03,18.1,28.6,18.1,0.0
793,2017-03-04,16.1,27.4,23.0,0.0
794,2017-03-05,17.6,25.4,16.8,0.2
795,2017-03-06,17.7,27.4,22.3,0.0
796,2017-03-07,15.0,28.2,22.4,0.0
797,2017-03-08,14.2,31.5,22.1,0.0
798,2017-03-09,15.0,32.3,21.1,0.0
799,2017-03-10,18.5,23.8,19.4,0.0
800,2017-03-11,18.0,26.4,13.9,0.0
801,2017-03-12,17.9,27.1,19.6,0.0
802,2017-03-13,15.7,24.3,20.7,0.2
803,2017-03-14,18.8,32.7,20.8,0.0
804,2017-03-15,20.8,33.2,18.9,0.0
805,2017-03-16,21.7,23.0,4.8,1.8
806,2017-03-17,15.8,22.1,20.1,0.0
807,2017-03-18,12.4,30.8,19.9,0.0
808,2017-03-19,14.5,33.5,19.7,0.0
809,2017-03-20,19.3,28.0,11.3,0.0
810,2017-03-21,19.9,26.1,6.1,4.4
811,2017-03-22,17.8,21.8,7.3,9.2
812,2017-03-23,16.2,25.1,17.2,0.0
813,2017-03-24,13.9,24.7,16.1,0.0
814,2017-03-25,15.3,29.7,13.5,0.0
815,2017-03-26,19.3,26.7,14.6,0.0
816,2017-03-27,19.3,31.9,7.6,0.0
817,2017-03-28,11.9,24.3,17.8,4.2
818,2017-03-29,13.9,27.2,14.7,0.2
819,2017-03-30,10.2,17.9,13.0,3.4
820,2017-03-31,10.1,17.9,12.3,2.8
821,2017-04-01,10.0,19.0,13.5,0.0
822,2017-04-02,11.7,18.2,10.1,0.4
823,2017-04-03,8.2,21.5,16.8,0.0
824,2017-04-04,10.0,24.4,16.4,0.0
825,2017-04-05,11.0,25.4,15.8,0.0
826,2017-04-06,12.0,26.6,13.5,0.0
827,2017-04-07,12.7,26.2,15.6,0.0
828,2017-04-08,18.6,28.1,13.8,0.0
829,2017-04-09,11.7,15.2,6.5,10.6
830,2017-04-10,9.0,17.0,3.0,25.4
831,2017-04-11,12.3,18.5,13.5,15.4
832,2017-04-12,10.8,19.3,14.0,0.0
833,2017-04-13,10.9,22.2,13.9,0.0
834,2017-04-14,13.0,17.9,8.9,0.0
835,2017-04-15,11.8,17.3,9.7,0.0
836,2017-04-16,9.9,22.6,10.1,0.0
837,2017-04-17,11.1,18.3,10.9,0.0
838,2017-04-18,9.5,20.4,13.7,0.0
839,2017-04-19,13.0,26.9,12.7,0.0
840,2017-04-20,14.6,26.5,12.4,0.0
841,2017-04-21,16.5,20.9,3.6,9.4
842,2017-04-22,16.9,22.5,11.8,4.6
843,2017-04-23,14.4,21.8,11.9,0.0
844,2017-04-24,15.9,24.7,9.9,0.0
845,2017-04-25,16.2,17.7,5.8,21.6
846,2017-04-26,10.1,14.5,6.4,20.0
847,2017-04-27,8.3,15.6,7.1,15.4
848,2017-04-28,9.4,19.8,6.0,0.4
849,2017-04-29,14.9,18.1,7.9,0.2
850,2017-04-30,13.6,17.8,7.3,0.0
851,2017-05-01,13.6,20.4,8.7,0.0
852,2017-05-02,10.4,15.2,9.4,2.4
853,2017-05-03,7.4,15.3,10.8,0.8
854,2017-05-04,5.8,16.9,12.0,0.0
855,2017-05-05,6.2,20.5,10.6,0.0
856,2017-05-06,9.6,20.0,6.1,0.2
857,2017-05-07,8.9,14.8,9.4,1.4
858,2017-05-08,10.1,15.8,7.2,1.8
859,2017-05-09,10.9,15.9,7.3,1.6
860,2017-05-10,8.1,17.7,11.3,0.0
861,2017-05-11,6.1,16.5,8.6,0.0
862,2017-05-12,5.9,19.5,9.9,0.0
863,2017-05-13,8.4,15.6,10.1,0.2
864,2017-05-14,6.4,15.1,7.7,0.0
865,2017-05-15,6.3,16.9,8.2,0.0
866,2017-05-16,5.6,18.2,9.0,0.0
867,2017-05-17,7.6,17.0,3.8,0.0
868,2017-05-18,10.7,20.2,9.8,0.8
869,2017-05-19,10.2,17.8,2.5,0.0
870,2017-05-20,10.2,19.3,9.8,0.0
871,2017-05-21,10.8,18.7,6.8,0.0
872,2017-05-22,10.4,20.3,10.1,0.0
873,2017-05-23,12.8,19.3,7.4,0.0
874,2017-05-24,11.7,17.1,8.0,0.0
875,2017-05-25,13.7,18.5,5.7,0.0
876,2017-05-26,13.1,18.0,8.2,0.0
877,2017-05-27,11.9,17.8,8.3,0.0
878,2017-05-28,10.2,15.3,7.6,6.8
879,2017-05-29,7.7,14.8,8.0,1.4
880,2017-05-30,9.3,13.1,6.9,2.2
881,2017-05-31,6.7,13.0,8.5,5.4
882,2017-06-01,7.9,13.9,4.7,0.4
883,2017-06-02,8.0,14.7,7.3,0.0
884,2017-06-03,9.9,14.3,8.3,0.0
885,2017-06-04,4.4,15.8,9.3,0.0
886,2017-06-05,5.6,17.5,5.0,0.0
887,2017-06-06,8.7,13.9,6.3,6.4
888,2017-06-07,5.9,14.3,9.2,0.0
889,2017-06-08,3.6,15.0,7.2,0.0
890,2017-06-09,6.6,15.0,7.8,1.8
891,2017-06-10,7.0,15.8,8.9,0.0
892,2017-06-11,3.4,15.5,8.6,0.2
893,2017-06-12,6.0,15.9,5.1,0.0
894,2017-06-13,8.8,15.1,6.6,0.0
895,2017-06-14,4.0,17.4,8.9,0.0
896,2017-06-15,7.7,19.0,7.4,0.0
897,2017-06-16,6.6,17.1,8.9,0.0
898,2017-06-17,4.2,15.5,9.2,0.0
899,2017-06-18,5.4,16.3,7.9,0.0
900,2017-06-19,7.1,16.1,6.0,0.0
901,2017-06-20,6.4,15.8,9.2,0.0
902,2017-06-21,7.8,13.5,5.0,0.6
903,2017-06-22,6.7,14.1,6.7,0.2
904,2017-06-23,7.4,14.9,8.2,0.0
905,2017-06-24,8.3,12.3,7.3,1.4
906,2017-06-25,8.6,14.3,5.3,0.0
907,2017-06-26,8.8,12.6,7.8,1.4
908,2017-06-27,6.0,12.1,4.4,0.0
909,2017-06-28,6.8,14.1,5.4,0.0
910,2017-06-29,9.2,13.7,5.0,0.0
911,2017-06-30,7.1,12.3,8.4,4.4
912,2017-07-01,1.1,12.7,9.3,0.0
913,2017-07-02,0.8,14.3,9.2,0.0
914,2017-07-03,3.8,13.9,3.9,0.0
915,2017-07-04,9.0,16.2,6.4,3.0
916,2017-07-05,10.1,15.8,6.5,0.0
917,2017-07-06,4.8,15.0,8.7,0.0
918,2017-07-07,8.0,14.2,9.4,0.0
919,2017-07-08,5.3,13.5,5.1,0.0
920,2017-07-09,7.3,14.6,7.3,0.8
921,2017-07-10,7.0,16.0,5.7,0.0
922,2017-07-11,6.9,14.3,9.7,0.4
923,2017-07-12,3.2,15.1,9.8,0.0
924,2017-07-13,4.8,13.3,5.5,0.0
925,2017-07-14,9.9,15.9,8.6,2.0
926,2017-07-15,4.5,12.0,9.4,0.0
927,2017-07-16,3.0,12.5,7.8,0.0
928,2017-07-17,5.7,15.3,6.3,0.0
929,2017-07-18,9.7,14.5,5.8,0.2
930,2017-07-19,8.9,13.2,7.7,5.0
931,2017-07-20,7.9,10.7,5.9,0.6
932,2017-07-21,3.3,13.8,10.3,4.2
933,2017-07-22,5.4,12.4,7.0,0.0
934,2017-07-23,8.4,14.1,5.4,0.0
935,2017-07-24,8.1,16.1,8.3,7.0
936,2017-07-25,9.8,17.2,9.0,0.0
937,2017-07-26,10.9,15.0,8.7,2.4
938,2017-07-27,4.4,14.2,8.7,2.0
939,2017-07-28,6.2,14.3,9.8,2.8
940,2017-07-29,9.7,17.9,10.1,0.0
941,2017-07-30,11.3,18.1,8.3,0.0
942,2017-07-31,6.7,14.8,11.5,0.0
943,2017-08-01,3.5,15.5,11.5,0.0
944,2017-08-02,3.4,12.9,7.5,0.0
945,2017-08-03,3.1,9.0,4.4,0.0
946,2017-08-04,4.3,12.1,7.2,6.6
947,2017-08-05,8.8,14.2,11.7,0.0
948,2017-08-06,9.0,13.0,8.2,0.0
949,2017-08-07,7.7,12.3,7.3,4.2
950,2017-08-08,7.9,15.0,7.5,2.2
951,2017-08-09,8.9,16.8,11.5,0.0
952,2017-08-10,11.4,18.8,8.4,0.0
953,2017-08-11,10.3,16.4,9.3,0.0
954,2017-08-12,10.3,17.9,9.9,2.8
955,2017-08-13,9.4,18.7,11.1,2.0
956,2017-08-14,12.3,20.1,12.6,0.0
957,2017-08-15,10.4,17.5,3.2,0.2
958,2017-08-16,12.1,18.1,10.9,0.8
959,2017-08-17,9.3,15.6,9.1,1.8
960,2017-08-18,8.0,12.2,9.4,2.8
961,2017-08-19,5.9,11.8,11.6,7.2
962,2017-08-20,5.1,13.3,13.9,2.0
963,2017-08-21,6.8,12.7,7.9,0.6
964,2017-08-22,5.7,16.8,11.1,1.6
965,2017-08-23,8.3,18.1,9.7,0.0
966,2017-08-24,5.2,13.3,13.0,9.2
967,2017-08-25,4.9,15.0,13.3,0.6
968,2017-08-26,9.9,15.3,8.5,0.0
969,2017-08-27,5.8,10.7,11.8,7.8
970,2017-08-28,5.8,11.8,14.6,0.6
971,2017-08-29,5.4,12.9,9.1,0.0
972,2017-08-30,7.7,13.8,12.3,0.6
973,2017-08-31,4.0,16.7,15.9,0.2
974,2017-09-01,3.7,17.0,14.4,0.0
975,2017-09-02,7.3,18.4,6.3,0.0
976,2017-09-03,13.4,17.2,6.3,0.0
977,2017-09-04,8.8,13.7,13.4,0.4
978,2017-09-05,6.5,13.3,11.0,0.2
979,2017-09-06,6.7,15.1,11.0,4.8
980,2017-09-07,7.9,15.2,9.5,0.8
981,2017-09-08,8.0,13.5,13.1,3.2
982,2017-09-09,7.1,14.9,15.9,1.2
983,2017-09-10,5.3,16.1,12.3,0.2
984,2017-09-11,8.1,18.1,7.0,0.0
985,2017-09-12,12.2,19.9,3.5,0.2
986,2017-09-13,13.3,16.4,8.2,2.0
987,2017-09-14,5.8,15.3,10.8,1.4
988,2017-09-15,9.6,16.7,7.0,0.0
989,2017-09-16,7.4,13.3,16.7,21.4
990,2017-09-17,4.0,18.1,19.0,0.2
991,2017-09-18,10.5,22.0,15.7,0.0
992,2017-09-19,9.0,13.9,16.6,0.2
993,2017-09-20,6.0,19.2,17.3,0.0
994,2017-09-21,11.6,23.6,13.0,0.0
995,2017-09-22,12.8,25.6,15.6,0.0
996,2017-09-23,14.8,30.6,17.3,0.0
997,2017-09-24,12.9,19.9,12.0,0.4
998,2017-09-25,10.3,14.2,10.9,1.6
999,2017-09-26,5.0,15.1,20.4,0.4
1000,2017-09-27,9.6,24.6,11.7,0.0
1001,2017-09-28,10.4,18.5,12.8,0.0
1002,2017-09-29,10.6,18.4,14.5,0.0
1003,2017-09-30,11.0,15.4,16.1,1.0
1004,2017-10-01,9.7,17.2,9.2,0.0
1005,2017-10-02,9.5,16.4,16.4,0.0
1006,2017-10-03,6.8,22.3,21.8,0.0
1007,2017-10-04,8.5,20.8,21.6,0.0
1008,2017-10-05,11.7,19.4,10.4,0.0
1009,2017-10-06,10.1,15.0,16.8,2.4
1010,2017-10-07,7.2,23.7,17.3,0.2
1011,2017-10-08,11.1,25.3,19.5,0.0
1012,2017-10-09,14.0,18.7,16.7,2.4
1013,2017-10-10,8.0,18.8,23.6,0.2
1014,2017-10-11,9.8,25.6,7.5,0.0
1015,2017-10-12,10.5,19.2,15.6,10.0
1016,2017-10-13,13.1,16.7,12.5,0.0
1017,2017-10-14,8.2,16.1,23.6,0.0
1018,2017-10-15,6.8,17.6,24.5,0.0
1019,2017-10-16,11.3,28.6,23.8,0.0
1020,2017-10-17,12.8,30.2,24.9,0.0
1021,2017-10-18,14.5,30.9,25.1,0.0
1022,2017-10-19,21.7,25.6,9.8,0.0
1023,2017-10-20,11.3,16.2,24.0,2.6
1024,2017-10-21,11.0,15.4,12.8,0.0
1025,2017-10-22,11.1,16.0,13.0,0.0
1026,2017-10-23,11.9,19.0,21.8,0.0
1027,2017-10-24,12.1,20.5,18.7,0.2
1028,2017-10-25,13.3,18.5,12.5,11.4
1029,2017-10-26,12.9,16.8,12.2,0.2
1030,2017-10-27,10.3,27.4,26.1,0.0
1031,2017-10-28,15.0,21.4,16.8,0.4
1032,2017-10-29,11.5,28.6,27.1,0.0
1033,2017-10-30,8.8,17.0,17.0,4.4
1034,2017-10-31,8.1,16.4,24.8,6.0
1035,2017-11-01,11.9,18.0,14.2,0.4
1036,2017-11-02,11.3,17.4,17.0,1.4
1037,2017-11-03,9.4,16.6,20.5,1.4
1038,2017-11-04,8.3,15.8,24.6,0.4
1039,2017-11-05,6.4,17.6,24.1,0.0
1040,2017-11-06,10.9,16.1,18.9,0.0
1041,2017-11-07,10.0,15.8,18.8,3.4
1042,2017-11-08,12.1,16.9,25.4,0.0
1043,2017-11-09,8.7,21.8,28.8,0.0
1044,2017-11-10,12.1,27.2,23.7,0.0
1045,2017-11-11,14.8,24.7,28.8,0.0
1046,2017-11-12,13.2,23.3,25.0,0.0
1047,2017-11-13,13.7,33.0,29.5,0.0
1048,2017-11-14,18.2,33.9,29.5,0.0
1049,2017-11-15,21.5,31.4,16.9,0.0
1050,2017-11-16,18.1,21.3,4.8,3.6
1051,2017-11-17,16.4,26.8,22.9,4.2
1052,2017-11-18,16.1,28.1,20.1,0.0
1053,2017-11-19,15.1,29.3,27.5,24.8
1054,2017-11-20,16.6,30.8,28.6,0.0
1055,2017-11-21,17.8,32.9,29.5,0.0
1056,2017-11-22,18.7,32.6,30.6,0.0
1057,2017-11-23,16.2,31.9,18.9,0.0
1058,2017-11-24,18.6,30.7,13.8,1.0
1059,2017-11-25,19.3,32.5,17.0,0.4
1060,2017-11-26,19.4,28.3,,3.4
1061,2017-11-27,16.5,21.2,20.5,1.4
1062,2017-11-28,13.7,31.0,31.1,0.2
1063,2017-11-29,18.5,35.8,28.3,0.0
1064,2017-11-30,22.5,34.9,23.1,0.0
1065,2017-12-01,21.5,23.5,1.6,1.8
1066,2017-12-02,14.7,16.4,0.7,20.6
1067,2017-12-03,11.5,17.1,14.4,43.8
1068,2017-12-04,12.4,17.5,7.9,5.4
1069,2017-12-05,10.8,22.8,22.9,1.8
1070,2017-12-06,13.6,21.3,23.6,0.0
1071,2017-12-07,11.6,21.9,19.8,0.0
1072,2017-12-08,11.4,18.7,28.5,25.2
1073,2017-12-09,12.7,23.0,19.2,0.0
1074,2017-12-10,14.5,22.2,31.4,0.0
1075,2017-12-11,16.4,20.7,26.3,0.0
1076,2017-12-12,15.8,26.4,31.3,0.0
1077,2017-12-13,15.8,37.6,32.0,0.0
1078,2017-12-14,20.5,23.1,21.7,0.0
1079,2017-12-15,14.1,26.4,32.1,0.0
1080,2017-12-16,13.8,24.6,31.0,0.0
1081,2017-12-17,15.7,24.5,30.5,0.0
1082,2017-12-18,17.1,33.0,22.1,0.0
1083,2017-12-19,19.7,37.4,12.1,0.0
1084,2017-12-20,15.8,24.5,19.0,20.6
1085,2017-12-21,12.3,23.7,31.9,0.0
1086,2017-12-22,13.6,27.7,26.6,0.0
1087,2017-12-23,14.7,30.2,21.2,0.0
1088,2017-12-24,15.8,19.4,25.7,0.4
1089,2017-12-25,15.1,21.4,29.0,0.0
1090,2017-12-26,12.5,30.5,31.9,0.0
1091,2017-12-27,17.3,34.5,30.6,0.0
1092,2017-12-28,24.0,32.8,13.5,0.0
1093,2017-12-29,18.6,24.4,9.3,0.2
1094,2017-12-30,15.6,21.3,13.6,8.4
1095,2017-12-31,12.0,25.7,31.7,0.2
1096,2018-01-01,16.6,25.3,31.4,0.0
1097,2018-01-02,16.4,21.8,29.7,0.0
1098,2018-01-03,14.6,21.0,27.2,0.0
1099,2018-01-04,14.1,23.6,31.8,0.2
1100,2018-01-05,14.7,30.7,31.7,0.0
1101,2018-01-06,18.8,41.7,31.5,0.0
1102,2018-01-07,18.7,21.8,11.0,0.0
1103,2018-01-08,17.3,21.9,17.5,0.0
1104,2018-01-09,15.7,22.5,30.0,0.0
1105,2018-01-10,13.6,25.6,23.5,0.0
1106,2018-01-11,15.5,34.5,28.6,0.0
1107,2018-01-12,20.4,30.0,1.7,1.0
1108,2018-01-13,16.0,20.9,10.7,7.0
1109,2018-01-14,12.7,19.5,27.5,15.0
1110,2018-01-15,14.6,20.9,21.1,0.0
1111,2018-01-16,12.9,26.9,31.1,0.0
1112,2018-01-17,12.4,30.3,30.9,0.0
1113,2018-01-18,16.6,40.0,30.8,0.0
1114,2018-01-19,22.5,40.3,30.6,0.0
1115,2018-01-20,20.3,24.6,20.2,0.0
1116,2018-01-21,21.0,28.2,14.9,0.0
1117,2018-01-22,20.5,23.9,27.3,0.0
1118,2018-01-23,18.0,23.6,28.3,0.0
1119,2018-01-24,14.8,23.3,27.5,0.0
1120,2018-01-25,17.1,26.6,28.1,0.0
1121,2018-01-26,19.4,28.4,19.9,0.0
1122,2018-01-27,21.2,33.2,27.5,3.4
1123,2018-01-28,22.7,38.1,28.5,0.0
1124,2018-01-29,27.8,33.5,7.3,0.0
1125,2018-01-30,15.6,21.0,14.1,38.8
1126,2018-01-31,14.6,19.1,19.6,0.0
1127,2018-02-01,12.1,22.5,28.9,0.2
1128,2018-02-02,13.4,22.1,28.4,0.0
1129,2018-02-03,15.8,28.1,26.7,0.0
1130,2018-02-04,14.7,25.7,28.5,0.0
1131,2018-02-05,17.0,25.7,24.0,0.0
1132,2018-02-06,17.7,29.9,27.6,0.0
1133,2018-02-07,18.7,37.4,27.1,0.0
1134,2018-02-08,20.6,27.5,15.8,0.0
1135,2018-02-09,20.4,24.9,17.2,0.0
1136,2018-02-10,18.7,30.3,6.6,0.0
1137,2018-02-11,15.5,21.2,18.5,0.0
1138,2018-02-12,16.3,23.6,22.2,0.0
1139,2018-02-13,13.6,29.0,26.0,0.0
1140,2018-02-14,17.5,23.3,22.8,0.0
1141,2018-02-15,13.5,24.2,18.4,0.0
1142,2018-02-16,15.7,22.2,24.8,0.0
1143,2018-02-17,12.4,25.3,24.1,0.0
1144,2018-02-18,13.6,24.0,20.5,0.0
1145,2018-02-19,17.6,25.4,20.9,0.8
1146,2018-02-20,14.1,29.5,25.5,0.0
1147,2018-02-21,16.0,29.3,16.0,0.0
1148,2018-02-22,20.3,31.0,16.8,0.0
1149,2018-02-23,21.2,33.5,13.4,0.2
1150,2018-02-24,22.7,31.6,4.8,0.4
1151,2018-02-25,16.2,19.8,10.0,0.0
1152,2018-02-26,14.3,26.5,24.3,0.0
1153,2018-02-27,14.9,31.3,24.0,0.0
1154,2018-02-28,20.0,30.9,19.6,0.0
1155,2018-03-01,16.2,20.5,17.7,0.8
1156,2018-03-02,14.5,22.8,19.6,0.4
1157,2018-03-03,13.9,32.7,21.8,0.0
1158,2018-03-04,15.8,21.0,22.2,0.0
1159,2018-03-05,14.9,21.1,16.6,0.0
1160,2018-03-06,12.5,27.6,22.6,0.0
1161,2018-03-07,14.4,28.5,22.4,0.0
1162,2018-03-08,14.9,30.5,22.1,0.0
1163,2018-03-09,14.6,28.8,21.9,0.0
1164,2018-03-10,14.3,35.1,21.6,0.0
1165,2018-03-11,17.0,22.8,14.3,0.0
1166,2018-03-12,16.7,20.9,10.2,0.0
1167,2018-03-13,14.6,20.5,18.8,2.2
1168,2018-03-14,12.8,21.3,17.7,0.0
1169,2018-03-15,15.3,20.8,13.9,0.0
1170,2018-03-16,12.5,24.4,15.0,0.0
1171,2018-03-17,15.4,32.0,15.1,0.0
1172,2018-03-18,22.6,23.1,13.4,0.0
1173,2018-03-19,13.2,28.0,17.8,0.0
1174,2018-03-20,15.4,19.2,9.5,0.2
1175,2018-03-21,11.2,25.1,18.3,0.0
1176,2018-03-22,12.3,28.1,19.0,0.0
1177,2018-03-23,15.2,29.4,18.8,0.0
1178,2018-03-24,20.2,24.2,5.4,0.0
1179,2018-03-25,17.8,25.4,11.6,13.0
1180,2018-03-26,10.7,18.5,11.9,5.2
1181,2018-03-27,9.6,22.6,14.0,1.2
1182,2018-03-28,11.3,30.3,17.8,0.0
1183,2018-03-29,16.5,21.8,14.2,0.0
1184,2018-03-30,12.2,23.3,14.3,0.0
1185,2018-03-31,13.2,22.4,16.7,0.0
1186,2018-04-01,13.0,27.7,11.0,0.0
1187,2018-04-02,14.9,20.9,14.4,0.0
1188,2018-04-03,13.4,19.8,13.9,0.0
1189,2018-04-04,13.3,20.6,16.6,0.0
1190,2018-04-05,13.3,18.7,9.0,0.0
1191,2018-04-06,13.8,21.2,14.8,0.0
1192,2018-04-07,9.8,21.6,16.0,0.0
1193,2018-04-08,11.8,29.9,14.7,0.0
1194,2018-04-09,15.9,25.7,13.6,0.0
1195,2018-04-10,14.8,28.8,5.9,0.0
1196,2018-04-11,18.1,27.3,10.9,0.0
1197,2018-04-12,15.9,26.5,7.4,0.0
1198,2018-04-13,11.9,25.9,14.4,0.0
1199,2018-04-14,13.5,16.1,3.1,0.0
1200,2018-04-15,9.7,19.1,4.9,12.2
1201,2018-04-16,13.1,21.0,7.1,3.0
1202,2018-04-17,13.2,16.6,8.9,0.6
1203,2018-04-18,6.2,19.4,14.2,0.0
1204,2018-04-19,11.0,22.3,13.0,0.0
1205,2018-04-20,8.9,20.2,13.7,0.0
1206,2018-04-21,11.9,22.8,11.3,0.0
1207,2018-04-22,11.2,20.4,12.6,0.0
1208,2018-04-23,11.9,26.9,13.0,0.0
1209,2018-04-24,13.7,24.6,5.2,0.0
1210,2018-04-25,15.7,20.1,7.7,0.6
1211,2018-04-26,11.9,17.5,7.9,0.0
1212,2018-04-27,11.6,17.8,8.8,0.0
1213,2018-04-28,7.7,18.3,11.7,0.0
1214,2018-04-29,10.5,18.0,9.6,0.0
1215,2018-04-30,8.8,19.6,12.3,0.0
1216,2018-05-01,7.2,23.4,12.3,0.0
1217,2018-05-02,10.2,23.2,7.2,0.0
1218,2018-05-03,14.5,24.4,4.4,0.0
1219,2018-05-04,11.5,17.2,7.8,6.2
1220,2018-05-05,12.1,21.6,6.5,2.6
1221,2018-05-06,9.9,21.7,11.0,0.0
1222,2018-05-07,12.0,19.5,6.2,0.0
1223,2018-05-08,13.4,17.9,10.6,0.2
1224,2018-05-09,8.0,18.4,7.5,0.0
1225,2018-05-10,9.0,12.8,8.5,8.0
1226,2018-05-11,7.4,15.1,3.7,18.6
1227,2018-05-12,11.0,16.9,9.0,8.4
1228,2018-05-13,13.0,16.2,10.8,4.0
1229,2018-05-14,6.8,15.9,8.2,0.0
1230,2018-05-15,8.9,14.6,4.6,0.0
1231,2018-05-16,9.4,14.3,7.6,2.0
1232,2018-05-17,11.7,15.0,6.9,0.0
1233,2018-05-18,12.3,17.7,8.0,0.2
1234,2018-05-19,10.6,15.5,6.5,2.6
1235,2018-05-20,11.8,16.2,1.7,0.0
1236,2018-05-21,12.6,16.7,5.0,2.4
1237,2018-05-22,13.0,17.0,3.6,0.0
1238,2018-05-23,11.8,15.3,6.5,4.6
1239,2018-05-24,12.9,16.1,5.1,0.0
1240,2018-05-25,9.4,14.9,9.5,0.0
1241,2018-05-26,5.2,20.5,9.9,0.0
1242,2018-05-27,7.3,20.7,8.0,0.0
1243,2018-05-28,12.9,20.5,6.0,0.0
1244,2018-05-29,13.7,17.9,8.1,0.8
1245,2018-05-30,7.7,15.1,7.9,0.0
1246,2018-05-31,9.6,14.8,7.6,5.0
1247,2018-06-01,4.1,13.3,9.6,0.0
1248,2018-06-02,3.5,13.6,9.6,0.2
1249,2018-06-03,4.3,13.8,8.5,0.0
1250,2018-06-04,4.5,14.4,9.3,0.0
1251,2018-06-05,7.5,15.0,8.8,1.6
1252,2018-06-06,5.6,19.1,9.4,0.4
1253,2018-06-07,7.7,17.8,5.7,0.2
1254,2018-06-08,12.4,13.6,3.3,0.6
1255,2018-06-09,11.3,15.6,8.0,3.0
1256,2018-06-10,4.1,15.3,9.3,0.0
1257,2018-06-11,5.3,17.6,8.9,0.2
1258,2018-06-12,7.9,16.6,6.7,0.4
1259,2018-06-13,9.5,14.1,7.1,0.0
1260,2018-06-14,8.6,14.5,7.8,5.6
1261,2018-06-15,9.6,14.0,4.4,4.6
1262,2018-06-16,6.9,13.1,7.1,2.2
1263,2018-06-17,8.0,13.1,5.1,15.6
1264,2018-06-18,9.5,12.0,5.9,7.2
1265,2018-06-19,3.0,14.5,9.0,0.4
1266,2018-06-20,4.3,15.3,8.0,0.2
1267,2018-06-21,4.0,15.1,9.1,0.0
1268,2018-06-22,4.3,15.0,8.5,0.0
1269,2018-06-23,6.0,12.8,3.9,0.0
1270,2018-06-24,9.0,13.1,5.7,0.0
1271,2018-06-25,8.4,12.6,7.8,0.0
1272,2018-06-26,8.4,14.1,6.6,0.0
1273,2018-06-27,4.8,11.2,6.0,0.2
1274,2018-06-28,5.3,10.6,5.2,0.0
1275,2018-06-29,6.1,12.5,6.1,0.2
1276,2018-06-30,9.4,14.2,4.9,0.4
1277,2018-07-01,3.5,14.7,8.8,0.4
1278,2018-07-02,2.4,14.6,9.4,0.0
1279,2018-07-03,4.1,14.3,6.7,0.0
1280,2018-07-04,10.4,17.1,6.0,0.0
1281,2018-07-05,12.7,18.7,2.8,0.4
1282,2018-07-06,12.5,15.2,8.3,0.0
1283,2018-07-07,9.6,12.9,6.5,1.2
1284,2018-07-08,9.3,13.9,6.2,0.8
1285,2018-07-09,10.1,13.8,8.1,1.2
1286,2018-07-10,9.3,11.5,5.4,0.0
1287,2018-07-11,6.6,11.6,6.0,0.0
1288,2018-07-12,4.3,11.3,7.5,0.0
1289,2018-07-13,5.8,13.9,9.3,0.2
1290,2018-07-14,4.4,15.5,10.0,0.0
1291,2018-07-15,6.0,13.8,9.8,0.0
1292,2018-07-16,7.9,12.6,4.5,0.0
1293,2018-07-17,9.1,17.5,9.2,0.0
1294,2018-07-18,6.2,15.2,10.3,1.2
1295,2018-07-19,8.7,17.6,8.5,0.0
1296,2018-07-20,7.2,12.1,7.2,4.4
1297,2018-07-21,6.7,14.0,7.2,0.2
1298,2018-07-22,8.0,14.8,10.5,0.0
1299,2018-07-23,8.4,15.4,6.9,0.2
1300,2018-07-24,8.6,15.6,7.1,0.6
1301,2018-07-25,8.3,15.7,9.3,6.2
1302,2018-07-26,7.7,15.1,8.9,0.0
1303,2018-07-27,9.2,19.5,10.3,0.0
1304,2018-07-28,8.4,18.6,9.3,0.0
1305,2018-07-29,10.8,14.6,10.0,2.0
1306,2018-07-30,8.2,12.6,7.3,0.4
1307,2018-07-31,8.3,16.2,10.2,0.0
1308,2018-08-01,9.9,14.8,11.4,1.6
1309,2018-08-02,4.9,16.1,11.7,0.0
1310,2018-08-03,7.8,18.4,6.3,0.0
1311,2018-08-04,8.0,15.3,8.7,1.6
1312,2018-08-05,10.6,17.6,11.2,0.0
1313,2018-08-06,9.4,13.8,8.5,0.0
1314,2018-08-07,7.3,14.8,9.6,0.0
1315,2018-08-08,9.6,16.0,7.2,1.0
1316,2018-08-09,5.6,15.4,8.6,2.2
1317,2018-08-10,9.4,20.0,11.8,0.0
1318,2018-08-11,8.1,14.7,7.4,10.4
1319,2018-08-12,5.4,14.8,10.4,4.6
1320,2018-08-13,7.9,14.9,8.6,0.0
1321,2018-08-14,9.4,16.7,13.2,0.2
1322,2018-08-15,11.5,18.4,10.1,0.0
1323,2018-08-16,8.7,14.7,9.2,0.2
1324,2018-08-17,7.7,15.9,12.2,0.0
1325,2018-08-18,8.9,13.8,10.4,2.2
1326,2018-08-19,6.7,11.9,9.3,9.2
1327,2018-08-20,5.5,12.4,6.5,2.0
1328,2018-08-21,8.6,12.4,7.7,1.2
1329,2018-08-22,8.7,14.0,8.5,1.0
1330,2018-08-23,5.6,16.0,11.1,0.0
1331,2018-08-24,4.8,15.4,14.7,0.0
1332,2018-08-25,3.9,15.2,14.9,0.0
1333,2018-08-26,4.9,14.7,12.3,0.0
1334,2018-08-27,6.8,12.9,12.4,3.6
1335,2018-08-28,1.9,11.2,11.7,0.2
1336,2018-08-29,0.8,12.5,15.5,0.0
1337,2018-08-30,4.8,16.7,5.1,0.0
1338,2018-08-31,8.9,16.0,6.8,1.6
1339,2018-09-01,10.5,13.4,7.4,2.2
1340,2018-09-02,5.0,12.3,11.2,3.0
1341,2018-09-03,5.0,13.1,14.7,0.0
1342,2018-09-04,3.4,19.5,14.7,0.0
1343,2018-09-05,8.1,20.2,14.5,0.0
1344,2018-09-06,13.8,20.6,9.5,0.0
1345,2018-09-07,8.7,15.1,14.7,3.4
1346,2018-09-08,4.2,17.5,16.2,0.2
1347,2018-09-09,8.6,18.1,7.3,0.0
1348,2018-09-10,13.4,18.0,10.2,0.0
1349,2018-09-11,9.1,24.2,17.7,0.0
1350,2018-09-12,11.7,18.5,15.8,0.0
1351,2018-09-13,7.1,19.7,18.2,0.0
1352,2018-09-14,10.9,22.7,18.2,0.0
1353,2018-09-15,10.2,13.7,6.3,0.2
1354,2018-09-16,5.5,14.0,15.3,2.0
1355,2018-09-17,6.7,18.1,18.7,0.0
1356,2018-09-18,11.0,20.3,8.0,0.0
1357,2018-09-19,8.5,14.7,16.1,3.0
1358,2018-09-20,3.8,17.4,18.5,0.8
1359,2018-09-21,8.3,18.9,16.6,0.0
1360,2018-09-22,6.8,17.3,19.7,0.0
1361,2018-09-23,10.4,13.7,11.6,0.2
1362,2018-09-24,4.6,14.9,17.2,0.0
1363,2018-09-25,8.6,13.6,12.2,0.0
1364,2018-09-26,6.4,17.6,20.8,0.0
1365,2018-09-27,9.2,24.2,20.8,0.0
1366,2018-09-28,10.7,15.2,10.2,0.0
1367,2018-09-29,5.5,14.0,17.0,1.2
1368,2018-09-30,6.8,16.5,19.8,0.2
1369,2018-10-01,4.7,23.3,21.4,0.0
1370,2018-10-02,11.4,25.8,13.4,0.0
1371,2018-10-03,14.7,18.1,10.9,0.0
1372,2018-10-04,10.9,14.6,12.5,0.0
1373,2018-10-05,9.1,20.5,22.5,0.0
1374,2018-10-06,8.3,23.8,22.7,0.0
1375,2018-10-07,10.3,24.7,21.2,0.0
1376,2018-10-08,13.5,28.2,22.7,0.0
1377,2018-10-09,16.1,17.9,7.2,
1378,2018-10-10,10.1,16.5,20.0,
1379,2018-10-11,6.4,20.7,23.7,0.0
1380,2018-10-12,8.7,22.7,23.9,0.0
1381,2018-10-13,10.5,24.9,23.2,0.0
1382,2018-10-14,12.4,27.3,22.1,0.0
1383,2018-10-15,19.5,27.5,19.4,0.0
1384,2018-10-16,20.0,23.1,6.1,0.2
1385,2018-10-17,16.1,22.6,15.1,5.2
1386,2018-10-18,14.7,20.7,10.5,2.0
1387,2018-10-19,12.8,27.4,23.0,0.0
1388,2018-10-20,11.7,16.1,9.8,5.0
1389,2018-10-21,7.6,19.2,22.7,5.6
1390,2018-10-22,8.9,27.0,25.7,0.0
1391,2018-10-23,13.0,18.8,16.7,0.0
1392,2018-10-24,9.2,15.5,19.7,0.0
1393,2018-10-25,6.4,19.5,25.0,0.0
1394,2018-10-26,9.6,18.3,23.7,0.0
1395,2018-10-27,11.3,19.6,20.5,0.0
1396,2018-10-28,9.3,15.9,22.8,0.0
1397,2018-10-29,9.1,17.0,25.6,0.0
1398,2018-10-30,8.3,25.2,25.8,0.0
1399,2018-10-31,13.0,19.5,16.7,0.0
1400,2018-11-01,12.8,34.3,14.2,0.0
1401,2018-11-02,16.3,31.6,13.4,0.0
1402,2018-11-03,12.6,20.9,19.9,0.2
1403,2018-11-04,9.2,20.9,19.7,0.0
1404,2018-11-05,14.5,28.6,15.8,2.8
1405,2018-11-06,16.3,21.4,7.8,4.4
1406,2018-11-07,11.1,17.2,18.2,35.8
1407,2018-11-08,7.7,17.0,22.7,3.0
1408,2018-11-09,8.0,20.0,14.8,0.0
1409,2018-11-10,9.0,20.3,27.3,0.0
1410,2018-11-11,9.3,19.6,29.1,0.2
1411,2018-11-12,10.9,30.2,17.5,0.0
1412,2018-11-13,16.9,30.5,18.4,0.0
1413,2018-11-14,14.8,17.3,7.2,6.2
1414,2018-11-15,13.7,18.1,23.8,0.2
1415,2018-11-16,8.3,19.0,29.8,0.0
1416,2018-11-17,9.6,18.1,29.9,0.0
1417,2018-11-18,9.8,26.6,30.1,0.0
1418,2018-11-19,15.4,30.9,27.5,0.0
1419,2018-11-20,22.5,27.6,5.5,0.0
1420,2018-11-21,12.3,23.2,24.2,24.2
1421,2018-11-22,9.7,16.4,20.3,6.2
1422,2018-11-23,11.0,14.5,3.5,6.0
1423,2018-11-24,11.1,16.9,15.8,7.0
1424,2018-11-25,12.7,18.8,20.5,0.8
1425,2018-11-26,11.9,18.6,25.5,0.0
1426,2018-11-27,14.4,20.0,23.3,0.2
1427,2018-11-28,14.4,20.8,18.0,0.0
1428,2018-11-29,13.9,18.7,21.1,0.6
1429,2018-11-30,14.7,20.8,28.0,0.0
1430,2018-12-01,10.3,31.7,30.8,0.0
1431,2018-12-02,12.2,19.5,18.9,10.4
1432,2018-12-03,13.3,23.6,13.4,0.0
1433,2018-12-04,13.4,20.5,28.2,0.0
1434,2018-12-05,13.4,25.2,31.1,0.0
1435,2018-12-06,14.5,35.5,31.3,0.0
1436,2018-12-07,25.1,38.0,27.1,0.0
1437,2018-12-08,22.7,30.3,11.0,0.0
1438,2018-12-09,16.0,20.1,11.8,1.2
1439,2018-12-10,15.8,20.6,28.5,0.0
1440,2018-12-11,13.0,23.6,31.6,0.0
1441,2018-12-12,16.0,33.6,29.4,0.0
1442,2018-12-13,16.9,21.1,6.0,16.2
1443,2018-12-14,16.4,22.7,13.7,16.6
1444,2018-12-15,17.2,24.8,17.5,41.2
1445,2018-12-16,15.8,23.5,16.3,3.8
1446,2018-12-17,15.6,21.8,23.2,2.0
1447,2018-12-18,16.7,20.8,21.1,0.0
1448,2018-12-19,16.8,26.9,16.6,0.0
1449,2018-12-20,16.9,21.2,14.8,0.0
1450,2018-12-21,15.4,20.9,9.6,1.0
1451,2018-12-22,14.1,19.1,27.8,9.8
1452,2018-12-23,11.5,26.9,32.3,0.0
1453,2018-12-24,14.3,34.2,32.3,0.0
1454,2018-12-25,15.8,23.9,32.2,0.0
1455,2018-12-26,13.3,23.8,32.3,0.0
1456,2018-12-27,16.2,37.4,29.3,0.0
1457,2018-12-28,21.9,36.4,19.1,0.0
1458,2018-12-29,21.0,23.9,5.7,1.2
1459,2018-12-30,18.2,22.7,9.9,0.6
1460,2018-12-31,17.3,23.5,31.3,0.8
1461,2019-01-01,15.5,26.2,31.7,0.0
1462,2019-01-02,18.4,22.2,26.3,0.0
1463,2019-01-03,15.9,29.5,27.6,0.0
1464,2019-01-04,18.0,42.6,27.4,0.0
1465,2019-01-05,17.4,21.2,12.9,0.4
1466,2019-01-06,14.6,22.1,30.9,1.4
1467,2019-01-07,17.1,23.1,30.2,0.0
1468,2019-01-08,16.7,24.1,28.9,0.0
1469,2019-01-09,16.1,20.5,28.4,0.6
1470,2019-01-10,13.5,21.4,25.8,0.0
1471,2019-01-11,12.9,30.4,31.5,0.0
1472,2019-01-12,17.7,24.7,28.6,0.0
1473,2019-01-13,14.4,30.5,31.3,0.0
1474,2019-01-14,18.7,32.3,31.1,0.0
1475,2019-01-15,19.4,30.4,22.3,0.0
1476,2019-01-16,19.8,26.7,17.5,0.0
1477,2019-01-17,20.7,32.5,6.0,0.0
1478,2019-01-18,22.3,28.7,2.6,0.2
1479,2019-01-19,16.5,23.5,30.2,2.0
1480,2019-01-20,15.2,22.9,29.2,0.0
1481,2019-01-21,18.4,25.1,28.2,0.0
1482,2019-01-22,19.0,26.8,29.3,0.0
1483,2019-01-23,18.7,23.9,27.4,0.0
1484,2019-01-24,17.3,40.8,30.0,0.0
1485,2019-01-25,21.1,42.8,25.3,0.0
1486,2019-01-26,19.9,26.1,27.7,0.0
1487,2019-01-27,18.4,27.8,21.1,0.0
1488,2019-01-28,15.5,34.5,29.4,0.0
1489,2019-01-29,17.5,36.8,27.7,0.0
1490,2019-01-30,18.0,38.1,19.9,0.0
1491,2019-01-31,17.2,21.5,27.8,6.6
1492,2019-02-01,12.6,24.2,28.8,0.0
1493,2019-02-02,15.0,34.4,27.5,0.0
1494,2019-02-03,19.1,38.2,26.1,0.0
1495,2019-02-04,20.0,22.7,9.3,0.0
1496,2019-02-05,17.7,26.9,14.6,0.0
1497,2019-02-06,18.5,34.7,22.8,0.0
1498,2019-02-07,20.7,28.3,25.1,11.0
1499,2019-02-08,18.1,23.1,21.1,0.0
1500,2019-02-09,14.6,19.7,13.6,0.0
1501,2019-02-10,13.0,23.3,23.5,4.8
1502,2019-02-11,14.4,27.5,18.6,0.0
1503,2019-02-12,18.4,21.5,12.4,0.0
1504,2019-02-13,11.8,19.2,23.7,2.8
1505,2019-02-14,12.3,23.2,24.2,0.0
1506,2019-02-15,14.8,22.8,23.1,0.0
1507,2019-02-16,16.1,23.2,24.2,0.0
1508,2019-02-17,15.0,29.0,20.0,0.0
1509,2019-02-18,18.0,23.6,16.9,0.0
1510,2019-02-19,13.7,20.2,21.4,0.0
1511,2019-02-20,13.5,23.2,20.8,0.0
1512,2019-02-21,14.0,20.4,16.2,0.0
1513,2019-02-22,15.5,21.2,23.9,0.0
1514,2019-02-23,16.4,25.8,24.0,0.0
1515,2019-02-24,13.8,32.9,24.6,0.0
1516,2019-02-25,18.0,34.2,24.4,0.0
1517,2019-02-26,17.9,22.3,21.0,0.0
1518,2019-02-27,12.9,25.7,24.0,0.0
1519,2019-02-28,16.3,36.8,23.4,0.0
1520,2019-03-01,22.6,38.1,22.3,0.0
1521,2019-03-02,22.3,36.3,23.4,0.0
1522,2019-03-03,25.1,36.0,14.4,0.0
1523,2019-03-04,19.0,24.6,21.8,0.0
1524,2019-03-05,18.0,24.3,15.5,0.0
1525,2019-03-06,13.2,17.2,19.5,1.6
1526,2019-03-07,9.7,22.1,21.2,2.0
1527,2019-03-08,11.3,26.8,10.2,0.0
1528,2019-03-09,13.9,24.7,20.0,0.0
1529,2019-03-10,14.3,23.7,10.1,0.0
1530,2019-03-11,15.9,21.8,18.6,0.2
1531,2019-03-12,15.8,19.2,10.8,0.0
1532,2019-03-13,11.9,18.6,15.1,0.0
1533,2019-03-14,12.1,20.8,20.6,0.2
1534,2019-03-15,11.7,22.2,18.7,0.0
1535,2019-03-16,12.2,25.6,20.1,0.0
1536,2019-03-17,14.2,25.6,19.2,0.0
1537,2019-03-18,16.5,28.2,18.9,0.0
1538,2019-03-19,16.9,23.4,12.7,0.0
1539,2019-03-20,19.3,23.4,11.1,0.0
1540,2019-03-21,18.2,24.3,12.5,0.0
1541,2019-03-22,18.7,28.6,15.3,0.0
1542,2019-03-23,19.9,31.3,13.6,1.8
1543,2019-03-24,16.5,29.3,16.9,2.0
1544,2019-03-25,14.8,19.0,13.6,0.2
1545,2019-03-26,12.3,20.3,15.9,0.0
1546,2019-03-27,11.1,21.7,17.8,0.0
1547,2019-03-28,11.6,27.9,17.8,0.0
1548,2019-03-29,14.6,28.5,4.9,0.0
1549,2019-03-30,9.1,15.6,11.4,1.8
1550,2019-03-31,9.4,18.5,8.0,2.2
1551,2019-04-01,13.0,17.1,6.6,0.2
1552,2019-04-02,7.4,25.9,16.6,0.0
1553,2019-04-03,9.4,24.7,10.9,0.0
1554,2019-04-04,13.3,21.9,13.9,0.0
1555,2019-04-05,14.4,28.5,15.3,0.0
1556,2019-04-06,16.5,20.1,12.4,0.0
1557,2019-04-07,9.5,26.5,15.9,0.0
1558,2019-04-08,12.5,23.1,9.0,0.0
1559,2019-04-09,11.1,16.3,13.9,1.6
1560,2019-04-10,10.7,15.8,4.8,1.4
1561,2019-04-11,11.3,17.3,14.4,0.0
1562,2019-04-12,6.7,24.9,15.3,0.2
1563,2019-04-13,10.5,20.7,10.0,0.0
1564,2019-04-14,11.8,22.5,14.4,0.0
1565,2019-04-15,12.9,27.4,10.9,0.0
1566,2019-04-16,17.1,30.3,14.4,0.0
1567,2019-04-17,22.1,30.0,12.8,0.0
1568,2019-04-18,13.2,17.7,12.8,0.0
1569,2019-04-19,8.6,22.1,14.0,0.0
1570,2019-04-20,10.2,30.2,13.9,0.0
1571,2019-04-21,14.8,27.0,7.5,0.0
1572,2019-04-22,13.7,17.6,6.0,0.8
1573,2019-04-23,11.1,18.5,8.0,0.0
1574,2019-04-24,14.6,23.2,8.2,0.0
1575,2019-04-25,10.2,21.5,10.6,0.0
1576,2019-04-26,11.9,15.8,6.9,3.0
1577,2019-04-27,8.7,16.2,8.5,0.0
1578,2019-04-28,12.4,17.4,5.2,0.0
1579,2019-04-29,11.5,18.1,8.4,0.0
1580,2019-04-30,7.9,23.1,11.7,0.0
1581,2019-05-01,15.6,22.8,7.8,0.0
1582,2019-05-02,17.1,20.2,6.2,3.6
1583,2019-05-03,11.8,20.7,9.0,0.2
1584,2019-05-04,13.0,16.4,8.2,0.2
1585,2019-05-05,11.3,16.3,6.5,2.0
1586,2019-05-06,11.7,16.7,8.5,0.2
1587,2019-05-07,7.4,18.7,11.7,0.0
1588,2019-05-08,10.3,17.4,7.3,5.2
1589,2019-05-09,9.7,16.2,5.3,0.6
1590,2019-05-10,10.2,14.2,2.8,7.2
1591,2019-05-11,10.2,16.4,7.7,8.2
1592,2019-05-12,12.2,17.7,6.6,0.0
1593,2019-05-13,12.7,18.1,8.3,0.0
1594,2019-05-14,11.3,20.2,9.0,0.0
1595,2019-05-15,12.0,15.8,8.0,0.0
1596,2019-05-16,10.5,16.1,9.8,0.0
1597,2019-05-17,6.5,18.6,10.7,0.0
1598,2019-05-18,6.2,21.5,10.6,0.0
1599,2019-05-19,8.9,21.8,10.0,0.2
1600,2019-05-20,12.0,19.6,3.1,0.4
1601,2019-05-21,11.1,20.4,6.9,0.4
1602,2019-05-22,10.7,22.3,10.3,0.0
1603,2019-05-23,9.9,21.3,10.2,0.0
1604,2019-05-24,13.8,20.2,4.4,0.0
1605,2019-05-25,13.7,19.8,9.1,1.6
1606,2019-05-26,9.5,15.1,8.6,6.6
1607,2019-05-27,7.8,14.0,7.2,8.2
1608,2019-05-28,8.2,15.7,3.3,0.2
1609,2019-05-29,8.7,10.6,7.9,1.2
1610,2019-05-30,6.7,13.3,5.8,5.8
1611,2019-05-31,8.5,14.3,5.7,1.4
1612,2019-06-01,11.7,14.6,5.8,2.4
1613,2019-06-02,11.0,14.5,6.7,0.0
1614,2019-06-03,8.2,12.0,3.8,15.4
1615,2019-06-04,8.4,12.9,7.9,3.2
1616,2019-06-05,8.6,13.0,5.7,0.0
1617,2019-06-06,10.2,14.8,7.9,0.0
1618,2019-06-07,11.7,16.6,8.0,0.0
1619,2019-06-08,6.7,18.7,9.3,0.0
1620,2019-06-09,7.8,18.0,8.0,0.0
1621,2019-06-10,12.0,19.2,7.6,3.0
1622,2019-06-11,9.6,17.9,9.2,0.0
1623,2019-06-12,11.9,16.5,1.3,0.6
1624,2019-06-13,8.8,17.4,8.9,2.6
1625,2019-06-14,10.0,17.3,7.0,2.2
1626,2019-06-15,9.0,15.2,6.4,2.6
1627,2019-06-16,8.6,16.7,7.5,0.0
1628,2019-06-17,6.3,17.9,8.6,3.4
1629,2019-06-18,8.0,13.7,5.2,0.0
1630,2019-06-19,6.6,11.9,7.0,0.8
1631,2019-06-20,6.4,11.3,6.4,1.6
1632,2019-06-21,6.5,12.6,8.5,3.0
1633,2019-06-22,6.8,11.8,7.3,0.4
1634,2019-06-23,3.6,9.6,5.9,1.2
1635,2019-06-24,4.2,16.0,9.0,0.0
1636,2019-06-25,3.5,17.0,8.9,0.0
1637,2019-06-26,4.6,18.0,9.2,0.2
1638,2019-06-27,5.9,17.5,9.2,0.0
1639,2019-06-28,10.7,19.5,9.2,0.0
1640,2019-06-29,13.0,17.6,2.6,0.8
1641,2019-06-30,8.1,14.5,8.5,6.4
1642,2019-07-01,9.5,14.1,8.3,0.0
1643,2019-07-02,8.6,15.9,6.6,0.0
1644,2019-07-03,8.2,13.7,7.5,0.0
1645,2019-07-04,5.3,13.5,6.9,0.0
1646,2019-07-05,3.5,19.1,9.0,0.0
1647,2019-07-06,6.0,19.4,9.3,0.0
1648,2019-07-07,9.0,18.2,6.1,0.2
1649,2019-07-08,11.0,16.0,8.2,5.2
1650,2019-07-09,6.8,15.0,7.2,0.2
1651,2019-07-10,9.5,15.4,6.7,0.2
1652,2019-07-11,7.8,14.3,4.6,6.4
1653,2019-07-12,10.1,15.7,6.2,2.4
1654,2019-07-13,7.0,12.0,8.3,4.4
1655,2019-07-14,7.1,13.1,3.8,0.8
1656,2019-07-15,8.9,14.3,7.6,4.4
1657,2019-07-16,9.9,13.9,6.4,1.8
1658,2019-07-17,9.7,13.7,3.6,0.0
1659,2019-07-18,9.0,14.3,7.9,0.4
1660,2019-07-19,7.5,15.7,9.6,1.6
1661,2019-07-20,8.0,17.1,10.3,0.0
1662,2019-07-21,11.3,16.6,8.1,0.0
1663,2019-07-22,7.9,15.6,10.6,0.0
1664,2019-07-23,9.9,15.2,8.2,1.6
1665,2019-07-24,7.0,14.4,7.8,8.0
1666,2019-07-25,9.2,14.8,5.2,0.0
1667,2019-07-26,11.0,14.0,5.9,0.0
1668,2019-07-27,9.8,15.3,8.7,6.8
1669,2019-07-28,6.6,15.1,10.2,0.0
1670,2019-07-29,8.9,14.6,9.9,0.0
1671,2019-07-30,7.9,12.5,8.7,0.8
1672,2019-07-31,3.0,12.5,11.3,0.0
1673,2019-08-01,5.8,13.8,8.6,0.0
1674,2019-08-02,9.7,12.7,7.4,0.4
1675,2019-08-03,10.0,13.9,6.2,0.0
1676,2019-08-04,9.2,13.1,7.2,1.0
1677,2019-08-05,10.0,15.8,10.7,0.0
1678,2019-08-06,9.1,13.5,4.5,0.4
1679,2019-08-07,9.3,14.1,7.5,0.0
1680,2019-08-08,6.7,13.9,9.6,10.8
1681,2019-08-09,7.8,10.1,7.3,2.0
1682,2019-08-10,5.2,12.5,6.6,4.2
1683,2019-08-11,4.8,12.9,11.4,6.0
1684,2019-08-12,6.3,12.0,9.9,8.8
1685,2019-08-13,8.8,13.1,7.0,0.0
1686,2019-08-14,9.1,13.8,6.7,0.2
1687,2019-08-15,7.3,16.2,10.5,0.0
1688,2019-08-16,10.6,16.9,6.3,0.0
1689,2019-08-17,7.0,16.5,13.4,3.8
1690,2019-08-18,8.8,19.4,9.3,0.0
1691,2019-08-19,5.8,12.3,12.8,4.0
1692,2019-08-20,7.6,17.0,7.2,0.4
1693,2019-08-21,11.5,16.6,11.5,0.2
1694,2019-08-22,9.6,13.0,11.3,1.6
1695,2019-08-23,3.8,15.1,14.5,0.0
1696,2019-08-24,7.9,18.0,13.0,0.0
1697,2019-08-25,6.5,12.9,13.9,1.2
1698,2019-08-26,5.3,14.4,14.7,0.0
1699,2019-08-27,4.2,15.3,12.9,0.0
1700,2019-08-28,8.3,13.4,5.0,0.0
1701,2019-08-29,6.1,13.0,13.2,6.2
1702,2019-08-30,2.3,15.3,15.6,0.2
1703,2019-08-31,5.0,18.2,15.8,0.0
1704,2019-09-01,11.1,19.6,9.4,0.0
1705,2019-09-02,10.2,17.6,13.8,2.4
1706,2019-09-03,9.2,19.6,16.4,0.6
1707,2019-09-04,8.2,18.7,15.1,0.0
1708,2019-09-05,8.7,21.2,14.8,3.4
1709,2019-09-06,11.3,16.0,10.4,2.0
1710,2019-09-07,8.8,12.9,11.3,1.0
1711,2019-09-08,8.2,15.1,9.5,0.6
1712,2019-09-09,6.8,12.8,14.4,5.6
1713,2019-09-10,7.7,14.8,16.1,2.6
1714,2019-09-11,5.0,20.8,17.8,0.0
1715,2019-09-12,11.1,20.8,11.8,0.0
1716,2019-09-13,7.7,18.6,14.0,0.0
1717,2019-09-14,9.3,20.0,18.3,0.0
1718,2019-09-15,12.4,21.8,8.4,1.6
1719,2019-09-16,9.7,12.8,17.7,13.0
1720,2019-09-17,3.6,14.8,19.0,0.0
1721,2019-09-18,4.3,18.9,19.2,0.0
1722,2019-09-19,8.2,24.0,19.4,0.0
1723,2019-09-20,15.7,26.2,14.4,0.0
1724,2019-09-21,14.5,19.4,10.5,0.0
1725,2019-09-22,7.9,15.5,13.6,4.6
1726,2019-09-23,8.9,15.2,13.9,2.0
1727,2019-09-24,8.3,15.1,13.3,1.4
1728,2019-09-25,8.7,16.6,13.1,0.0
1729,2019-09-26,8.3,20.3,19.6,0.0
1730,2019-09-27,12.3,18.8,7.4,0.0
1731,2019-09-28,7.2,14.9,17.7,0.2
1732,2019-09-29,9.1,15.8,19.0,0.0
1733,2019-09-30,10.1,14.1,14.4,0.0
1734,2019-10-01,4.2,20.5,21.7,0.0
1735,2019-10-02,9.3,26.5,18.5,0.0
1736,2019-10-03,15.1,29.7,22.0,0.0
1737,2019-10-04,12.5,15.2,11.0,0.0
1738,2019-10-05,7.6,24.3,17.4,1.8
1739,2019-10-06,12.9,24.8,17.4,0.0
1740,2019-10-07,11.6,16.4,15.1,0.0
1741,2019-10-08,9.5,14.2,17.0,2.6
1742,2019-10-09,8.5,15.0,19.3,5.8
1743,2019-10-10,10.2,14.7,12.6,0.2
1744,2019-10-11,9.5,18.9,17.5,0.0
1745,2019-10-12,8.2,20.4,20.1,0.0
1746,2019-10-13,9.4,23.1,19.6,0.0
1747,2019-10-14,13.6,26.7,20.2,0.2
1748,2019-10-15,13.0,18.0,20.6,0.0
1749,2019-10-16,13.3,20.4,11.4,0.0
1750,2019-10-17,9.5,15.2,9.6,4.4
1751,2019-10-18,7.3,22.1,23.2,0.8
1752,2019-10-19,9.4,15.3,15.8,0.8
1753,2019-10-20,10.0,16.4,14.7,0.8
1754,2019-10-21,11.5,17.0,19.6,0.0
1755,2019-10-22,11.9,19.6,23.7,0.0
1756,2019-10-23,8.2,27.9,26.0,0.0
1757,2019-10-24,13.0,33.8,26.1,0.2
1758,2019-10-25,16.8,21.6,10.0,0.0
1759,2019-10-26,9.6,15.5,17.2,3.8
1760,2019-10-27,10.3,17.0,10.1,1.2
1761,2019-10-28,8.7,21.6,26.3,1.4
1762,2019-10-29,9.7,30.5,27.0,0.0
1763,2019-10-30,13.8,25.1,27.2,0.0
1764,2019-10-31,14.2,33.7,25.5,0.0
1765,2019-11-01,20.0,34.3,22.8,0.0
1766,2019-11-02,15.8,18.9,2.2,4.2
1767,2019-11-03,12.8,20.7,7.8,12.4
1768,2019-11-04,9.5,16.2,11.2,1.2
1769,2019-11-05,7.7,19.6,27.4,10.2
1770,2019-11-06,10.5,24.1,19.9,0.0
1771,2019-11-07,11.5,17.7,8.3,0.0
1772,2019-11-08,10.3,15.0,16.1,6.8
1773,2019-11-09,7.6,14.2,9.8,6.4
1774,2019-11-10,10.8,18.1,13.5,0.2
1775,2019-11-11,10.0,29.6,27.4,0.0
1776,2019-11-12,11.5,17.4,12.7,0.6
1777,2019-11-13,9.1,17.3,12.0,1.6
1778,2019-11-14,12.1,22.4,19.7,0.8
1779,2019-11-15,13.0,18.5,12.4,0.0
1780,2019-11-16,9.2,17.2,23.9,0.0
1781,2019-11-17,10.8,16.2,24.1,0.0
1782,2019-11-18,8.5,26.9,29.9,0.0
1783,2019-11-19,11.4,18.6,27.9,0.0
1784,2019-11-20,9.4,34.7,30.1,0.0
1785,2019-11-21,14.0,40.9,18.8,0.0
1786,2019-11-22,13.6,20.0,28.3,0.0
1787,2019-11-23,10.1,23.8,24.6,0.0
1788,2019-11-24,11.9,23.7,30.6,0.0
1789,2019-11-25,11.4,27.4,18.0,0.0
1790,2019-11-26,11.4,16.4,22.2,2.0
1791,2019-11-27,8.6,24.8,31.0,0.0
1792,2019-11-28,11.4,21.1,30.7,0.0
1793,2019-11-29,11.9,19.7,21.9,0.0
1794,2019-11-30,10.3,18.4,26.7,8.0
1795,2019-12-01,12.2,16.8,9.8,0.0
1796,2019-12-02,9.8,15.5,18.2,3.4
1797,2019-12-03,11.0,22.2,19.2,0.4
1798,2019-12-04,12.1,23.0,20.3,0.0
1799,2019-12-05,12.3,23.9,20.4,0.0
1800,2019-12-06,13.3,20.8,18.2,0.0
1801,2019-12-07,11.2,21.0,30.3,0.0
1802,2019-12-08,13.8,27.6,30.8,0.0
1803,2019-12-09,16.3,38.0,28.6,0.0
1804,2019-12-10,14.3,17.2,22.2,0.0
1805,2019-12-11,13.4,18.1,21.8,0.0
1806,2019-12-12,13.4,18.4,22.7,0.0
1807,2019-12-13,11.4,20.9,24.8,0.0
1808,2019-12-14,14.1,20.1,10.4,0.0
1809,2019-12-15,15.1,21.7,16.4,0.0
1810,2019-12-16,13.0,22.6,21.7,0.0
1811,2019-12-17,12.6,26.3,29.5,0.0
1812,2019-12-18,15.9,40.1,29.3,0.0
1813,2019-12-19,17.2,23.3,29.3,0.0
1814,2019-12-20,13.7,43.5,31.4,0.0
1815,2019-12-21,16.9,20.2,28.3,0.0
1816,2019-12-22,13.1,19.6,31.5,0.0
1817,2019-12-23,12.1,20.0,29.2,0.0
1818,2019-12-24,14.1,24.5,31.4,0.0
1819,2019-12-25,14.0,27.9,32.0,0.0
1820,2019-12-26,16.5,20.5,26.2,0.0
1821,2019-12-27,13.6,23.9,31.6,0.0
1822,2019-12-28,16.7,28.4,20.6,0.0
1823,2019-12-29,16.8,33.2,31.9,0.0
1824,2019-12-30,19.7,40.8,18.8,0.0
1825,2019-12-31,15.3,21.2,29.3,2.4
1826,2020-01-01,11.8,24.9,31.6,0.0
1827,2020-01-02,12.8,25.0,31.6,0.0
1828,2020-01-03,13.7,36.6,30.7,0.0
1829,2020-01-04,18.6,26.8,22.8,0.0
1830,2020-01-05,12.7,16.7,5.1,2.2
1831,2020-01-06,11.9,18.0,2.7,8.2
1832,2020-01-07,12.6,20.1,7.7,1.2
1833,2020-01-08,16.8,23.8,26.9,0.0
1834,2020-01-09,17.9,31.9,29.8,0.0
1835,2020-01-10,20.1,32.9,10.1,0.0
1836,2020-01-11,13.5,19.3,18.2,15.6
1837,2020-01-12,14.2,19.9,21.9,0.0
1838,2020-01-13,12.7,32.2,28.1,0.0
1839,2020-01-14,16.7,33.8,27.4,0.0
1840,2020-01-15,19.5,36.8,20.8,0.0
1841,2020-01-16,15.7,19.6,18.6,19.6
1842,2020-01-17,14.4,24.8,24.4,0.0
1843,2020-01-18,13.9,29.4,27.2,0.0
1844,2020-01-19,17.5,25.5,23.9,0.0
1845,2020-01-20,19.1,21.8,8.8,0.4
1846,2020-01-21,14.8,23.5,28.4,44.0
1847,2020-01-22,14.1,31.7,12.4,0.0
1848,2020-01-23,12.9,22.6,13.4,22.8
1849,2020-01-24,11.7,24.1,20.6,1.2
1850,2020-01-25,13.0,27.4,30.0,0.0
1851,2020-01-26,15.8,23.6,24.0,0.0
1852,2020-01-27,12.8,23.1,26.1,0.0
1853,2020-01-28,13.6,25.4,26.5,0.0
1854,2020-01-29,15.2,31.5,29.5,0.0
1855,2020-01-30,16.4,39.4,29.3,0.0
1856,2020-01-31,21.5,42.9,18.3,0.0
1857,2020-02-01,23.5,29.3,1.8,0.8
1858,2020-02-02,14.2,25.1,21.0,14.8
1859,2020-02-03,13.2,17.7,22.7,0.0
1860,2020-02-04,11.3,19.7,28.6,0.0
1861,2020-02-05,10.8,20.1,27.1,0.0
1862,2020-02-06,13.7,25.5,25.0,0.0
1863,2020-02-07,16.5,23.2,18.4,0.0
1864,2020-02-08,17.4,29.4,27.5,0.0
1865,2020-02-09,19.6,28.2,19.9,0.0
1866,2020-02-10,18.5,27.7,15.0,0.6
1867,2020-02-11,19.5,25.9,19.1,0.0
1868,2020-02-12,19.1,27.7,17.3,0.0
1869,2020-02-13,19.4,31.7,26.7,0.0
1870,2020-02-14,20.3,33.7,10.6,0.0
1871,2020-02-15,18.9,19.3,2.4,5.4
1872,2020-02-16,16.9,26.4,23.8,2.8
1873,2020-02-17,15.2,25.6,26.4,0.0
1874,2020-02-18,17.6,21.8,7.3,0.0
1875,2020-02-19,13.3,19.7,12.9,38.0
1876,2020-02-20,14.2,18.7,15.2,3.2
1877,2020-02-21,13.5,19.6,17.1,2.8
1878,2020-02-22,11.4,21.1,25.4,0.0
1879,2020-02-23,13.3,34.0,21.6,0.0
1880,2020-02-24,16.8,23.7,5.4,0.0
1881,2020-02-25,18.4,31.6,10.6,3.6
1882,2020-02-26,16.2,19.2,19.3,4.0
1883,2020-02-27,11.0,19.7,11.1,0.2
1884,2020-02-28,13.1,20.1,17.6,0.0
1885,2020-02-29,14.7,22.4,22.8,0.0
1886,2020-03-01,13.2,32.1,20.8,0.0
1887,2020-03-02,14.2,18.4,21.1,3.0
1888,2020-03-03,14.7,19.5,15.9,0.0
1889,2020-03-04,13.6,23.5,7.1,0.0
1890,2020-03-05,15.4,20.3,4.3,54.6
1891,2020-03-06,15.9,19.0,12.7,7.0
1892,2020-03-07,15.4,20.0,17.1,0.2
1893,2020-03-08,13.9,22.4,19.5,0.0
1894,2020-03-09,12.3,21.0,19.7,0.0
1895,2020-03-10,10.3,22.3,21.9,0.0
1896,2020-03-11,12.6,29.5,15.7,0.0
1897,2020-03-12,16.6,29.5,19.5,0.0
1898,2020-03-13,19.1,26.8,7.3,0.0
1899,2020-03-14,13.1,17.9,12.3,0.6
1900,2020-03-15,12.7,18.8,10.2,0.0
1901,2020-03-16,9.3,26.5,20.6,0.0
1902,2020-03-17,11.6,28.2,19.9,0.0
1903,2020-03-18,17.7,28.3,9.1,0.0
1904,2020-03-19,18.7,30.4,8.2,0.0
1905,2020-03-20,16.1,22.7,12.6,0.0
1906,2020-03-21,14.6,18.4,10.8,0.0
1907,2020-03-22,12.1,18.3,15.2,0.0
1908,2020-03-23,12.7,17.1,9.9,0.4
1909,2020-03-24,8.5,17.9,15.8,0.0
1910,2020-03-25,10.8,17.5,7.6,0.0
1911,2020-03-26,13.7,19.8,15.5,0.0
1912,2020-03-27,13.6,27.6,17.8,0.0
1913,2020-03-28,14.8,27.5,16.9,0.0
1914,2020-03-29,16.5,26.4,9.5,0.0
1915,2020-03-30,15.9,21.7,13.3,5.2
1916,2020-03-31,12.2,21.4,16.9,0.0
1917,2020-04-01,11.0,23.1,15.2,0.0
1918,2020-04-02,12.4,20.7,4.2,23.0
1919,2020-04-03,13.7,23.2,12.0,15.8
1920,2020-04-04,12.8,16.6,6.1,35.2
1921,2020-04-05,9.5,16.9,4.5,4.4
1922,2020-04-06,10.7,16.5,11.5,6.2
1923,2020-04-07,11.9,16.4,9.5,1.4
1924,2020-04-08,11.7,18.6,10.7,1.2
1925,2020-04-09,8.9,21.2,15.8,0.0
1926,2020-04-10,12.7,22.0,9.5,0.2
1927,2020-04-11,13.0,15.7,11.3,2.4
1928,2020-04-12,11.0,15.3,7.7,2.4
1929,2020-04-13,12.2,18.3,14.3,0.0
1930,2020-04-14,12.1,23.4,11.1,0.6
1931,2020-04-15,15.6,23.5,11.8,0.0
1932,2020-04-16,15.4,21.5,11.3,0.2
1933,2020-04-17,11.4,18.4,10.1,0.0
1934,2020-04-18,12.9,16.4,7.9,0.0
1935,2020-04-19,11.2,19.4,11.3,0.0
1936,2020-04-20,12.0,20.8,8.1,3.4
1937,2020-04-21,8.5,19.6,9.8,0.0
1938,2020-04-22,12.8,18.2,8.8,0.0
1939,2020-04-23,9.6,19.7,9.7,0.0
1940,2020-04-24,15.1,22.3,12.7,0.4
1941,2020-04-25,10.5,21.7,10.4,0.0
1942,2020-04-26,15.4,17.7,6.6,14.0
1943,2020-04-27,8.1,18.1,12.5,0.6
1944,2020-04-28,7.1,18.9,10.4,0.0
1945,2020-04-29,11.2,19.8,3.6,3.4
1946,2020-04-30,8.9,15.5,5.4,23.6
1947,2020-05-01,7.6,13.0,5.1,8.0
1948,2020-05-02,8.3,14.2,6.2,1.4
1949,2020-05-03,9.8,15.0,8.3,1.8
1950,2020-05-04,9.4,14.8,7.0,0.2
1951,2020-05-05,8.0,19.5,11.6,0.4
1952,2020-05-06,10.2,20.1,9.7,0.0
1953,2020-05-07,15.1,21.1,6.2,0.0
1954,2020-05-08,12.6,19.6,10.7,0.0
1955,2020-05-09,12.6,14.0,5.4,0.6
1956,2020-05-10,7.2,14.5,9.0,7.0
1957,2020-05-11,7.8,17.1,7.5,0.6
1958,2020-05-12,10.3,14.8,8.5,0.2
1959,2020-05-13,10.4,14.5,8.9,1.4
1960,2020-05-14,6.6,14.7,9.8,2.8
1961,2020-05-15,4.5,15.3,10.8,0.0
1962,2020-05-16,4.5,18.0,10.7,0.0
1963,2020-05-17,5.1,18.5,10.6,0.0
1964,2020-05-18,5.5,19.4,10.5,0.0
1965,2020-05-19,8.1,17.7,4.9,0.0
1966,2020-05-20,10.3,15.8,7.8,15.6
1967,2020-05-21,9.4,13.7,6.6,12.4
1968,2020-05-22,9.1,13.6,7.8,11.4
1969,2020-05-23,9.4,13.5,5.8,0.0
1970,2020-05-24,10.9,13.8,7.9,3.0
1971,2020-05-25,5.5,16.0,10.0,0.0
1972,2020-05-26,5.4,18.5,9.4,0.0
1973,2020-05-27,5.9,17.1,7.8,0.0
1974,2020-05-28,12.1,17.6,6.7,0.0
1975,2020-05-29,7.2,17.1,9.6,0.0
1976,2020-05-30,8.1,17.1,9.3,0.0
1977,2020-05-31,12.4,17.8,8.0,0.0
1978,2020-06-01,9.3,11.2,2.6,5.0
1979,2020-06-02,8.4,15.6,4.9,11.6
1980,2020-06-03,10.5,14.1,7.3,0.6
1981,2020-06-04,9.3,13.8,9.3,0.0
1982,2020-06-05,4.1,14.6,9.4,0.0
1983,2020-06-06,6.0,13.3,6.6,0.0
1984,2020-06-07,7.9,11.8,6.3,0.0
1985,2020-06-08,4.5,12.6,8.8,0.0
1986,2020-06-09,2.0,15.3,9.3,0.2
1987,2020-06-10,3.9,16.7,8.8,0.0
1988,2020-06-11,4.5,16.9,9.1,0.0
1989,2020-06-12,4.2,15.3,9.2,0.0
1990,2020-06-13,5.7,16.4,3.4,0.0
1991,2020-06-14,10.4,15.2,8.0,5.8
1992,2020-06-15,11.6,18.4,8.0,0.0
1993,2020-06-16,13.0,17.9,6.7,0.0
1994,2020-06-17,10.2,14.6,8.5,0.4
1995,2020-06-18,4.6,16.9,9.1,0.0
1996,2020-06-19,6.4,17.8,8.6,0.0
1997,2020-06-20,12.8,16.9,8.5,1.4
1998,2020-06-21,6.9,12.0,4.9,0.0
1999,2020-06-22,8.1,13.0,5.5,0.0
2000,2020-06-23,9.0,14.4,8.4,2.2
2001,2020-06-24,10.1,14.9,8.0,0.4
2002,2020-06-25,10.2,15.9,5.0,0.0
2003,2020-06-26,7.9,13.8,8.8,1.2
2004,2020-06-27,6.2,13.1,7.9,0.0
2005,2020-06-28,1.7,12.5,9.3,0.2
2006,2020-06-29,2.2,15.4,9.3,0.0
2007,2020-06-30,3.0,15.2,7.7,0.0
2008,2020-07-01,9.8,17.4,9.1,0.0
2009,2020-07-02,10.2,15.1,7.3,1.2
2010,2020-07-03,7.7,10.3,4.1,0.0
2011,2020-07-04,6.5,14.5,5.7,7.8
2012,2020-07-05,8.9,12.5,6.5,4.6
2013,2020-07-06,8.1,13.1,5.8,1.0
2014,2020-07-07,8.9,11.8,4.8,1.4
2015,2020-07-08,4.9,15.7,9.4,0.0
2016,2020-07-09,5.7,17.2,8.5,0.0
2017,2020-07-10,6.4,16.9,7.9,0.0
2018,2020-07-11,7.3,11.4,3.3,0.0
2019,2020-07-12,9.0,14.2,8.3,6.8
2020,2020-07-13,8.7,15.1,7.4,3.4
2021,2020-07-14,7.7,14.2,7.6,0.0
2022,2020-07-15,6.2,14.7,9.4,0.2
2023,2020-07-16,4.2,11.5,8.7,0.0
2024,2020-07-17,3.1,12.8,7.4,0.0
2025,2020-07-18,4.0,12.5,8.3,0.0
2026,2020-07-19,8.2,15.3,7.6,0.0
2027,2020-07-20,7.6,13.8,8.2,0.6
2028,2020-07-21,7.2,12.9,8.1,0.4
2029,2020-07-22,8.1,13.3,8.4,0.0
2030,2020-07-23,8.1,12.0,7.5,2.2
2031,2020-07-24,6.1,13.5,10.5,0.0
2032,2020-07-25,4.3,12.2,9.6,0.0
2033,2020-07-26,5.0,12.8,7.2,0.0
2034,2020-07-27,7.4,13.5,7.3,0.0
2035,2020-07-28,9.6,15.6,8.0,0.4
2036,2020-07-29,8.6,16.3,9.0,0.0
2037,2020-07-30,8.0,14.2,11.3,0.0
2038,2020-07-31,3.4,17.1,11.3,0.0
2039,2020-08-01,5.7,16.4,11.1,0.0
2040,2020-08-02,9.0,18.2,11.7,0.0
2041,2020-08-03,7.5,16.0,10.2,0.0
2042,2020-08-04,5.1,10.5,10.0,1.2
2043,2020-08-05,4.7,11.3,9.6,5.8
2044,2020-08-06,5.5,12.8,10.8,0.8
2045,2020-08-07,3.3,12.7,5.8,0.0
2046,2020-08-08,4.7,14.9,7.2,6.8
2047,2020-08-09,8.9,15.8,10.2,0.2
2048,2020-08-10,5.7,14.8,12.7,0.0
2049,2020-08-11,4.3,15.8,10.3,0.0
2050,2020-08-12,9.4,15.9,10.0,0.8
2051,2020-08-13,11.4,18.1,11.0,1.2
2052,2020-08-14,10.7,18.1,7.0,0.8
2053,2020-08-15,7.4,14.9,13.0,2.8
2054,2020-08-16,10.7,15.0,9.9,0.4
2055,2020-08-17,9.5,16.3,10.4,0.0
2056,2020-08-18,10.0,17.2,11.2,0.2
2057,2020-08-19,9.7,12.7,7.9,1.2
2058,2020-08-20,9.6,15.7,9.6,3.8
2059,2020-08-21,8.5,14.1,12.2,0.4
2060,2020-08-22,5.8,11.1,3.8,4.4
2061,2020-08-23,6.8,11.5,8.6,25.6
2062,2020-08-24,6.3,12.4,12.8,2.8
2063,2020-08-25,3.6,13.0,11.2,0.0
2064,2020-08-26,6.1,14.5,12.8,0.0
2065,2020-08-27,8.8,20.7,13.1,0.0
2066,2020-08-28,8.5,17.6,15.1,1.4
2067,2020-08-29,9.2,19.3,15.6,0.0
2068,2020-08-30,12.0,19.8,9.0,0.0
2069,2020-08-31,6.9,12.5,13.5,1.0
2070,2020-09-01,6.6,15.7,15.9,0.0
2071,2020-09-02,8.6,22.0,12.1,0.0
2072,2020-09-03,12.9,19.9,13.5,0.0
2073,2020-09-04,9.0,17.3,12.7,0.0
2074,2020-09-05,9.7,16.6,15.0,0.2
2075,2020-09-06,6.9,19.2,16.9,0.2
2076,2020-09-07,8.8,22.9,17.1,0.0
2077,2020-09-08,16.6,19.9,4.8,0.0
2078,2020-09-09,8.1,15.6,14.8,1.0
2079,2020-09-10,5.4,21.4,17.5,0.0
2080,2020-09-11,10.4,19.4,13.4,0.0
2081,2020-09-12,13.3,16.0,4.0,1.6
2082,2020-09-13,11.9,17.2,16.5,11.8
2083,2020-09-14,11.1,16.6,18.1,0.0
2084,2020-09-15,7.4,15.8,18.3,0.0
2085,2020-09-16,7.1,22.8,17.4,0.0
2086,2020-09-17,11.8,15.5,9.4,0.8
2087,2020-09-18,8.4,18.7,13.6,0.0
2088,2020-09-19,11.3,26.3,17.1,0.0
2089,2020-09-20,17.1,22.0,16.7,0.0
2090,2020-09-21,16.6,19.8,13.0,0.0
2091,2020-09-22,12.3,18.9,16.8,0.0
2092,2020-09-23,10.6,15.1,12.3,0.2
2093,2020-09-24,8.2,15.0,13.9,1.6
2094,2020-09-25,7.2,11.9,7.2,3.2
2095,2020-09-26,6.2,13.4,15.0,9.4
2096,2020-09-27,8.8,13.4,20.9,3.0
2097,2020-09-28,6.5,13.6,18.3,0.0
2098,2020-09-29,4.3,21.0,18.4,0.0
2099,2020-09-30,10.7,19.4,13.0,0.6
2100,2020-10-01,9.4,19.5,21.2,1.8
2101,2020-10-02,12.8,26.0,22.0,0.0
2102,2020-10-03,17.4,29.4,19.8,0.0
2103,2020-10-04,13.5,29.5,8.4,0.0
2104,2020-10-05,9.1,12.7,7.3,12.8
2105,2020-10-06,8.9,12.6,5.8,1.0
