,ride_id
0,a9fce80daeb05715f1598dcfda4f3b76
1,2b1eac50cdadc0fc4ae5853740166c3f
2,c9c93ad2f1f7144335501176ccbfdb39
3,360ca1b95ffb599317fc2661dffbd738
4,3b608b6560a9c4584a48c5b5c0dfc2c6
5,3279b491cc6a4eabf6987fcbc7f6bb52
6,f06cdf1a2909eaabb00e21ce217617ac
7,e77e07b5b5b198b50a4195a0600697e6
8,fb96653f38ab06e71ca678838a156507
9,ae7c16fa540f3919bc4a7ef80bc81204
10,2805ff4f7f7104f7c94859fb2c2f954c
11,068ee98716fb53e8e1093fa68f008eed
12,dcde902fbfa53b4b555c3314c8a047a5
13,01c8a42969116177eedc8ca4c0089109
14,9b558e60e3e0df7634138b5af82cb2ce
15,d765a3b55ac439f2000fdea16ae00aad
16,5bdefa61c034990983c770ccb224154c
17,ffb4bbee152f2c929fd9374166813863
18,16ecf31b21a8b08d19a05f50b16a1aaf
19,6abb7a9eff0b145e1021fcbd27fff92d
20,ba461b159916629771e861f89940fff0
21,610b3691522cc90c0a96187c3fc02227
22,7b15269f08ce2ca51f6b76192894ffec
23,b7817da8c2a7c0321e894b84f55f4fe9
24,d7fbb55209000c07b7d3f652d6d9241e
25,b8391b43aa619d3c61343f39a2648316
26,19f7ed5f3a25d794d870d69546bf00f3
27,9e8688dc3d6e33cb33c9d10e8fd70402
28,92ad7ac84cd91d0626b3c2e2c7a669e6
29,0452306c63fb2eac3654d41fb7b4f7b5
30,24fc8b1a9dda45ae63203a5447128b78
31,733128c3fb6bb7690f4a244ae1420125
32,7c14d05ac9b6c07e9c1da887f82df5c4
33,087a1ed6084e8c4a734f6cd6a902567d
34,83a4f24e2b2c48bdf9929280675ebc63
35,f1793f5968bcfb0b4e6d5e74a3451e7e
36,ef39e1175cdedb6cb72949a2c9f9427b
37,714197d3feea2098120bd26a414a751b
38,68c4a830a0572348a362fc7a651bf449
39,5cddde365d4852cbbd31086d0e526af5
40,349af00083ab182db3cacca29408593f
41,afacbebed88a693721b40a78131ad71d
42,5b27b80339e72d81b500040ad1944f02
43,fe8c163ef29e2e9dc6be8e2a5e5ceb0c
44,e1991fae58bd16db2a21ded246b146bf
45,fcb69d6f697e646b22485630bb3d39ab
46,ecbbbe1282e412f945a0ddfc6e41988b
47,194241edffed112c2e05f6abcbf79bb8
48,c956d7b402ba193fcc2ab3984cd4645b
49,8cf2ad413549cb7e45e6bc14fe0a0c21
50,a97d7f163c7b954181e4da822e2ad587
51,b367e1f04cd38a5cc038f8ebe4acbd05
52,4baae1dcdceeed7ebe36a0e83f1a4644
53,094225b6f45045a4acd7b8c94b911bcd
54,123b13553b6fc2edfa5308e676230231
55,35039b13c5513241a71398028f3359ae
56,4db27b03cc2ff8c4fa9e5ec7037809ef
57,94c1186ea0c7964447758b4f60676daf
58,5bb611f17e8ff4da2220444a8fed93b6
59,3f2e370f5e0808f9b912380beeb44464
60,7030801bc36d5ccfe254df5c202a0e7c
61,c3588f96db0887da903147a5498a6e38
62,63d9599928efc46c6bdc046ee2a1e86b
63,040a912a3331a2ec915759130f795681
64,9cb71e2b258aa4885e1b0ea24ac4f64d
65,bc37959e14e1439aaf39fc7976c4031f
66,0120b66e2d28cf2f0bdeb70bb73b8e22
67,bc35ea19646faa0624eebc302cce6787
68,7e67ae128c26a20680197b1b62e89b80
69,1bd7098d036a8c8f228f599d759a3fe7
70,bad64a62418de61ce1ee80bdc79aeb98
71,9bfd1dbbad283ee2625727ceaf6a0289
72,7a814f32b76d22bc8b59059704939e1a
73,97f46f3aaaf9bc09a5feae42d332c8cc
74,97be44a6c828ab94badd6ec52e5a88a0
75,f803417ad4951c659d073dc431404c5d
76,bbb12b147848d83ba460a188fce89159
77,4b8046d066215387a3063149a7e0ef48
78,75106b0a503a0ee9149c63d9d304697c
79,3cc4af467decfbd2cfdd3960a866dfca
80,2f4cc63266206b1eac6742342d5b5843
81,fed615229a6e6700abab2ef836a7a247
82,47f95cfac4240c836abb71734ac67bbe
83,6099e6836e450ff4829ca88e3161aa3d
84,0aa227e776eda53fa38cfe4cf4e62eee
85,66ac6b48ae3fd15f9bfd3096492b3e0b
86,cef573dcd341a97ad19d05795045c17f
87,2d60b5c7bb711f4e3d2d645e8de6afe4
88,3ca122bdb27795c3a7ed2e1fc21bca7f
89,139f3d7975108b5045a967e310526645
90,7029c5be4db84d363569432e937c6c2d
91,6dd466c37930069551a232ce93899ee7
92,4c5b789847946847f22eb91c90ff9a79
93,a1ce4e6226a78135cfb6c308dccea04b
94,ab6e615279033d991e40b88b9025fd01
95,b004396201ee2f071d1aa83ea6504662
96,6a535e8660d48c6219bb62aa48d72034
97,bd9180235538ef7b90e911e9178d2e59
98,91ea49a3ebe11f1182eabd1d5f77b25c
99,ff5073e484286691873b724546011201
