,date,open,high,low,close,volume,quote_av,trades,tb_base_av,tb_quote_av,unix
0,2021-01-02 00:00:00,29331.7,33300.0,28946.53,32178.33,129993.873362,4073842163.671541,2245922,67446.305246,2110334723.8871458,1609542000000
1,2021-01-03 00:00:00,32176.45,34778.11,31962.99,33000.05,120957.56675,4057598425.4920163,2369698,59750.332871,2004428433.9318461,1609628400000
2,2021-01-04 00:00:00,33000.05,33600.0,28130.0,31988.71,140899.88569,4429010349.695345,2642408,69088.46923,2173435409.016988,1609714800000
3,2021-01-05 00:00:00,31989.75,34360.0,29900.0,33949.53,116049.997038,3743617144.6469154,2526851,59691.754755,1927195093.6415496,1609801200000
4,2021-01-06 00:00:00,33949.53,36939.21,33288.0,36769.36,127139.20131,4431954248.519614,2591783,63052.914652,2199632470.221549,1609887600000
5,2021-01-07 00:00:00,36769.36,40365.0,36300.0,39432.28,132825.700437,5062569943.383371,2814686,65055.107136,2482583239.8564973,1609974000000
6,2021-01-08 00:00:00,39432.48,41950.0,36500.0,40582.81,139789.957499,5568443208.731365,2925632,67300.155216,2684975445.978905,1610060400000
7,2021-01-09 00:00:00,40586.96,41380.0,38720.0,40088.22,75785.979675,3054779029.1617765,1998156,37007.321909,1491990705.5516992,1610146800000
8,2021-01-10 00:00:00,40088.22,41350.0,35111.11,38150.02,118209.544503,4604034729.507071,2628050,55451.344673,2160976896.8280272,1610233200000
9,2021-01-11 00:00:00,38150.02,38264.74,30420.0,35404.47,251156.138287,8497730017.898506,4472957,123241.588782,4171891522.056786,1610319600000
10,2021-01-12 00:00:00,35410.37,36628.0,32531.0,34051.24,133948.151996,4651302423.484117,2674145,65098.310196,2261732478.8300514,1610406000000
11,2021-01-13 00:00:00,34049.15,37850.0,32380.0,37371.38,124477.914938,4322876606.419626,2514289,63981.038306,2222872691.371912,1610492400000
12,2021-01-14 00:00:00,37371.38,40100.0,36701.23,39144.5,102950.389421,3974826638.1450887,2297466,51264.467092,1979442593.0499995,1610578800000
13,2021-01-15 00:00:00,39145.21,39747.76,34408.0,36742.22,118300.920916,4371588898.681637,2560801,57738.03422,2133723812.7598622,1610665200000
14,2021-01-16 00:00:00,36737.43,37950.0,35357.8,35994.98,86348.431508,3178840336.1492844,2066363,42420.423736,1563160122.0113344,1610751600000
15,2021-01-17 00:00:00,35994.98,36852.5,33850.0,35828.61,80157.727384,2843103040.240664,1860642,39513.638561,1402648632.8512247,1610838000000
16,2021-01-18 00:00:00,35824.99,37469.83,34800.0,36631.27,70698.11875,2554843260.524399,1707766,35621.506048,1289347187.166529,1610924400000
17,2021-01-19 00:00:00,36622.46,37850.0,35844.06,35891.49,79611.307769,2935348499.344214,1939371,38704.68162,1428235709.8519692,1611010800000
18,2021-01-20 00:00:00,35901.94,36415.31,33400.0,35468.23,89368.422918,3126721093.5207763,2234539,42546.634077,1489289968.43647,1611097200000
19,2021-01-21 00:00:00,35468.23,35600.0,30071.0,30850.13,135004.076658,4386783586.504226,2881505,63256.210448,2057240516.6191926,1611183600000
20,2021-01-22 00:00:00,30851.99,33826.53,28850.0,32945.17,142971.684049,4483295872.022273,2707810,70150.188455,2201161570.4986706,1611270000000
21,2021-01-23 00:00:00,32950.0,33456.0,31390.16,32078.0,64595.287675,2089098295.7584367,1700056,32680.776128,1057114174.5522273,1611356400000
22,2021-01-24 00:00:00,32078.0,33071.0,30900.0,32259.9,57978.037966,1864609665.3657017,1528287,27826.119197,895721122.0169544,1611442800000
23,2021-01-25 00:00:00,32259.45,34875.0,31910.0,32254.2,88499.226921,2958759288.5635686,2106548,44489.524132,1488432034.4924214,1611529200000
24,2021-01-26 00:00:00,32254.19,32921.88,30837.37,32467.77,84972.20691,2708545364.4946413,2010392,42402.312917,1352678098.866321,1611615600000
25,2021-01-27 00:00:00,32464.01,32557.29,29241.72,30366.15,95911.961711,2958081421.641559,2065953,46664.381638,1440079785.1205118,1611702000000
26,2021-01-28 00:00:00,30362.19,33783.98,29842.1,33364.86,92621.145617,2953553214.065682,2060660,46067.782326,1468956156.4850712,1611788400000
27,2021-01-29 00:00:00,33368.18,38531.9,31915.4,34252.2,231827.005626,8195593336.228467,4403349,116537.247847,4121941033.6373253,1611874800000
28,2021-01-30 00:00:00,34246.28,34933.0,32825.0,34262.88,84889.68134,2884500062.9380784,2201040,42418.467099,1441981400.6536384,1611961200000
29,2021-01-31 00:00:00,34262.89,34342.69,32171.67,33092.98,68742.280384,2289641045.7580123,1707064,32480.447358,1082502551.5205712,1612047600000
30,2021-02-01 00:00:00,33092.97,34717.27,32296.16,33526.37,82718.276882,2791776658.0056057,1810492,41855.841486,1413158966.728098,1612134000000
31,2021-02-02 00:00:00,33517.09,35984.33,33418.0,35466.24,78056.65988,2716321896.3176084,1789672,39216.563106,1364790964.6368995,1612220400000
32,2021-02-03 00:00:00,35472.71,37662.63,35362.38,37618.87,80784.333663,2951232788.184305,1881740,39863.07506,1456248046.1419172,1612306800000
33,2021-02-04 00:00:00,37620.26,38708.27,36161.95,36936.66,92080.735898,3452669022.1532927,2211866,45516.21369,1707710013.8895385,1612393200000
34,2021-02-05 00:00:00,36936.65,38310.12,36570.0,38290.24,66681.334275,2509278291.7515864,1853253,32756.385031,1232713879.8381383,1612479600000
35,2021-02-06 00:00:00,38289.32,40955.51,38215.94,39186.94,98757.311183,3922095148.9281507,2291646,52015.513362,2065180747.347224,1612566000000
36,2021-02-07 00:00:00,39181.01,39700.0,37351.0,38795.69,84363.679763,3256521384.240611,1976357,40764.388959,1574482907.5639021,1612652400000
37,2021-02-08 00:00:00,38795.69,46794.45,37988.89,46374.87,138597.536914,5881536976.635699,3230961,72345.891568,3069313839.441136,1612738800000
38,2021-02-09 00:00:00,46374.86,48142.19,44961.09,46420.42,115499.861712,5386255398.017187,3119034,57429.564347,2679451036.4918036,1612825200000
39,2021-02-10 00:00:00,46420.42,47310.0,43727.0,44807.58,97154.1822,4431650130.251105,2891592,47971.985731,2190231238.817587,1612911600000
40,2021-02-11 00:00:00,44807.58,48678.9,43994.02,47969.51,89561.081454,4185630934.410895,2570949,46138.33674,2158335922.692323,1612998000000
41,2021-02-12 00:00:00,47968.66,48985.8,46125.0,47287.6,85870.035697,4080571908.9676614,2418841,41841.039135,1990472918.9285848,1613084400000
42,2021-02-13 00:00:00,47298.15,48150.0,46202.53,47153.69,63768.097399,3007710147.4181595,2058823,30996.309859,1462495399.9928117,1613170800000
43,2021-02-14 00:00:00,47156.78,49707.43,47014.17,48577.79,73735.475533,3584808348.8347325,2090070,38752.156681,1884009921.0628607,1613257200000
44,2021-02-15 00:00:00,48580.47,49010.92,45570.79,47911.1,79398.156784,3782219060.664722,2313155,38176.364661,1819251655.7814271,1613343600000
45,2021-02-16 00:00:00,47911.1,50689.18,47003.62,49133.45,88813.266298,4349983777.692368,2199849,45608.603838,2236524604.988356,1613430000000
46,2021-02-17 00:00:00,49133.45,52618.74,48947.0,52119.71,85743.637818,4365831514.815298,2514374,45055.446241,2294099235.2800226,1613516400000
47,2021-02-18 00:00:00,52117.67,52530.0,50901.9,51552.6,60758.046954,3149973077.487466,1891592,28893.358623,1498231635.8439088,1613602800000
48,2021-02-19 00:00:00,51552.61,56368.0,50710.2,55906.0,79659.77802,4251167827.6842465,2339215,40556.020246,2164871310.2239413,1613689200000
49,2021-02-20 00:00:00,55906.0,57700.46,53863.93,55841.19,80948.205314,4551890859.8512745,2642846,38636.066274,2172833878.4409647,1613775600000
50,2021-02-21 00:00:00,55841.19,58352.8,55477.59,57408.57,58166.708511,3317998263.3478894,1950533,29506.089085,1683107088.1573696,1613862000000
51,2021-02-22 00:00:00,57412.35,57508.47,47622.0,54087.67,134019.434944,7213386720.436798,3313083,63677.661979,3427217154.5209727,1613948400000
52,2021-02-23 00:00:00,54087.67,54183.59,44892.56,48891.0,169375.025051,8215839131.243385,3825196,82464.142992,4002195292.097356,1614034800000
53,2021-02-24 00:00:00,48891.0,51374.99,46988.69,49676.2,91881.209252,4574033001.379536,2194532,45750.714831,2278566606.1383467,1614121200000
54,2021-02-25 00:00:00,49676.21,52041.73,46674.34,47073.73,83310.673121,4152188728.141615,2305679,40610.664759,2026068517.6463618,1614207600000
55,2021-02-26 00:00:00,47073.73,48424.11,44106.78,46276.87,109423.200663,5086374532.734615,2371766,53626.904622,2494190193.252283,1614294000000
56,2021-02-27 00:00:00,46276.88,48394.0,45000.0,46106.43,66060.834292,3105897438.550972,1757720,31987.019647,1505012110.949598,1614380400000
57,2021-02-28 00:00:00,46103.67,46638.46,43000.0,45135.66,83055.369042,3708359965.4545813,1838345,40688.17185,1817797446.602381,1614466800000
58,2021-03-01 00:00:00,45134.11,49790.0,44950.53,49587.03,85086.111648,4057515794.8657284,2147223,42616.994361,2032566685.614307,1614553200000
59,2021-03-02 00:00:00,49595.76,50200.0,47047.6,48440.65,64221.06214,3120472069.909453,1855583,31377.038077,1525145370.1435206,1614639600000
60,2021-03-03 00:00:00,48436.61,52640.0,48100.71,50349.37,81035.913705,4109521257.5407004,2242131,40955.368399,2077586898.6782105,1614726000000
61,2021-03-04 00:00:00,50349.37,51773.88,47500.0,48374.09,82649.716829,4079837240.856762,2291936,40269.977888,1987955554.8048146,1614812400000
62,2021-03-05 00:00:00,48374.09,49448.93,46300.0,48751.71,78192.496372,3727133104.8373103,2054216,38318.310377,1827025012.2175493,1614898800000
63,2021-03-06 00:00:00,48746.81,49200.0,47070.0,48882.2,44399.234242,2143910705.2915032,1476474,21500.615617,1038365872.9799548,1614985200000
64,2021-03-07 00:00:00,48882.2,51450.03,48882.2,50971.75,55235.028032,2778875909.4491262,1758101,27885.596964,1402782879.7211535,1615071600000
65,2021-03-08 00:00:00,50959.11,52402.78,49274.67,52375.17,66987.359664,3400847931.036074,1999401,33595.42957,1706117798.1054995,1615158000000
66,2021-03-09 00:00:00,52375.18,54895.0,51789.41,54884.5,71656.737076,3861450964.6549034,2194398,35011.541086,1886844773.68463,1615244400000
67,2021-03-10 00:00:00,54874.67,57387.69,53005.0,55851.59,84749.238943,4700197563.359213,2647284,42651.887405,2366856292.8667717,1615330800000
68,2021-03-11 00:00:00,55851.59,58150.0,54272.82,57773.16,81914.812859,4612366201.00222,2509970,40603.449668,2288704819.0951066,1615417200000
69,2021-03-12 00:00:00,57773.15,58081.51,54962.84,57221.72,73405.406047,4162054726.378839,2489931,35802.941462,2030616300.4734313,1615503600000
70,2021-03-13 00:00:00,57221.72,61844.0,56078.23,61188.39,83245.091346,4933383453.245978,2559002,44387.231918,2631390814.772793,1615590000000
71,2021-03-14 00:00:00,61188.38,61724.79,58966.78,58968.31,52601.05275,3176397573.8846426,1829769,25325.26705,1530051005.3980403,1615676400000
72,2021-03-15 00:00:00,58976.08,60633.43,54600.0,55605.2,102771.427298,5874241052.093372,2683815,49825.438347,2848907086.6343694,1615762800000
73,2021-03-16 00:00:00,55605.2,56938.29,53271.34,56900.75,77986.694355,4304259207.6451,2241208,37825.501493,2088111362.5512383,1615849200000
74,2021-03-17 00:00:00,56900.74,58974.73,54123.69,58912.97,70421.620841,3960992972.154292,2204296,34778.745775,1957825522.6803286,1615935600000
75,2021-03-18 00:00:00,58912.97,60129.97,57023.0,57648.16,66580.406675,3900885761.212806,2040947,32287.379911,1892327691.3666964,1616022000000
76,2021-03-19 00:00:00,57641.0,59468.0,56270.74,58030.01,52392.652961,3052711147.934925,1885830,25552.511223,1489274083.2643423,1616108400000
77,2021-03-20 00:00:00,58030.01,59880.0,57820.17,58102.28,44476.941776,2616535093.051585,1724131,22212.446723,1307023993.1234434,1616194800000
78,2021-03-21 00:00:00,58100.02,58589.1,55450.11,57351.56,48564.470274,2774223129.62381,1773546,23648.941676,1350989191.2768385,1616281200000
79,2021-03-22 00:00:00,57351.56,58430.73,53650.0,54083.25,62581.626169,3527479514.325653,1927345,30749.059028,1733579080.5690005,1616367600000
80,2021-03-23 00:00:00,54083.25,55830.9,53000.0,54340.89,59789.365427,3264650774.8174615,1740349,29563.40974,1614722150.8192565,1616454000000
81,2021-03-24 00:00:00,54342.8,57200.0,51700.0,52303.65,83537.465021,4583159614.046461,2401988,39323.130067,2161386678.806821,1616540400000
82,2021-03-25 00:00:00,52303.66,53287.0,50427.56,51293.78,87400.534538,4536327184.95786,2099425,42947.397733,2229351569.587026,1616626800000
83,2021-03-26 00:00:00,51293.78,55073.46,51214.6,55025.59,63813.774692,3397036140.7516375,1773150,31822.545238,1694326043.3371158,1616713200000
84,2021-03-27 00:00:00,55025.59,56700.36,53950.0,55817.14,50105.475055,2767070175.861931,1528776,24739.948471,1365965317.2505236,1616799600000
85,2021-03-28 00:00:00,55817.14,56559.75,54691.84,55777.63,39050.387511,2178777329.4452167,1551283,19262.725935,1074959545.959009,1616886000000
86,2021-03-29 00:00:00,55777.65,58405.82,54800.01,57635.47,67857.937398,3877131109.734646,1983437,34373.804556,1963800173.6560595,1616968800000
87,2021-03-30 00:00:00,57635.46,59368.0,57071.35,58746.57,55122.443122,3221944107.4550304,1612744,27541.52668,1610812657.9299018,1617055200000
88,2021-03-31 00:00:00,58746.57,59800.0,56769.0,58740.55,60975.542666,3575976083.804576,1928224,31074.813187,1823822792.91045,1617141600000
89,2021-04-01 00:00:00,58739.46,59490.0,57935.45,58720.44,47415.61722,2789238879.9433737,1594431,22966.256736,1351151697.892222,1617228000000
90,2021-04-02 00:00:00,58720.45,60200.0,58428.57,58950.01,47382.418781,2811159761.2684674,1666356,23695.695154,1406393729.8307693,1617314400000
91,2021-04-03 00:00:00,58950.01,59791.72,56880.0,57051.94,47409.852113,2783151686.164537,1606805,23057.967017,1353960264.6219625,1617400800000
92,2021-04-04 00:00:00,57051.95,58492.85,56388.0,58202.01,41314.081973,2380139010.7302327,1499113,20609.134161,1187123542.5798833,1617487200000
93,2021-04-05 00:00:00,58202.01,59272.0,56777.77,59129.99,54258.01579,3155214764.1644855,2035877,27269.49269,1586344787.554169,1617573600000
94,2021-04-06 00:00:00,59129.99,59495.24,57413.02,57991.15,54201.000727,3166911557.1481576,1960513,26699.197872,1560539125.7780592,1617660000000
95,2021-04-07 00:00:00,57990.03,58655.0,55473.0,55953.45,71228.405659,4053294016.4845147,2206433,34737.582155,1977438033.9286299,1617746400000
96,2021-04-08 00:00:00,55953.44,58153.31,55700.0,58077.52,44283.147019,2531779682.552427,1661080,22161.69051,1267126859.4438906,1617832800000
97,2021-04-09 00:00:00,58077.52,58894.9,57654.0,58142.54,40831.884911,2378340697.289584,1615962,20354.234456,1185679367.9100363,1617919200000
98,2021-04-10 00:00:00,58142.55,61500.0,57900.01,59769.13,69906.424117,4197138552.4690337,2470398,36018.637566,2162858397.75344,1618005600000
99,2021-04-11 00:00:00,59769.13,60699.0,59232.52,60002.43,41156.715391,2462032926.6179814,1746102,20798.058779,1244349091.4434774,1618092000000
100,2021-04-12 00:00:00,59998.8,61300.0,59350.59,59860.0,56375.037117,3393042867.8714666,1806298,27645.201153,1664588823.4110289,1618178400000
101,2021-04-13 00:00:00,59860.01,63777.77,59805.15,63575.0,82848.688746,5154877375.389618,2703735,41662.533028,2592724448.3698506,1618264800000
102,2021-04-14 00:00:00,63575.01,64854.0,61301.0,62959.53,82616.343993,5239081228.156977,2645625,40070.377527,2542171083.4126883,1618351200000
103,2021-04-15 00:00:00,62959.53,63800.0,62020.0,63159.98,51649.70034,3248931738.293182,1938028,25628.168379,1612303095.2882545,1618437600000
104,2021-04-16 00:00:00,63158.74,63520.61,60000.0,61334.8,91764.139884,5647292669.615494,2639940,43570.023147,2680750914.504573,1618524000000
105,2021-04-17 00:00:00,61334.81,62506.05,59580.91,60006.66,58912.256128,3605701810.675047,2268816,28386.274106,1737722135.3795059,1618610400000
106,2021-04-18 00:00:00,60006.67,60499.0,50931.3,56150.01,124882.131824,6949379727.429154,3444089,59404.616809,3303953081.096218,1618696800000
107,2021-04-19 00:00:00,56150.01,57526.81,54221.58,55633.14,78229.042267,4398619580.647143,2390527,38362.384979,2156617047.238732,1618783200000
108,2021-04-20 00:00:00,55633.14,57076.24,53329.96,56425.0,72744.482151,4037701391.6195264,2148820,35519.589727,1971916967.5849755,1618869600000
109,2021-04-21 00:00:00,56425.0,56757.91,53536.02,53787.63,66984.756909,3704549578.6973033,2134946,32188.929493,1780065583.272094,1618956000000
110,2021-04-22 00:00:00,53787.62,55521.48,50500.0,51690.96,104656.631337,5594983857.318092,2744621,50550.77147,2703745286.3887057,1619042400000
111,2021-04-23 00:00:00,51690.95,52131.85,47500.0,51125.14,132230.780719,6571097317.467918,2888237,63769.621253,3170392794.0548844,1619128800000
112,2021-04-24 00:00:00,51110.56,51166.22,48657.14,50047.84,55361.512573,2762081002.878663,1164985,26782.233007,1336607709.8567977,1619215200000
113,2021-04-25 00:00:00,50047.84,50567.91,46930.0,49066.77,58255.645004,2867858315.1873198,1475479,27767.331394,1367920871.5281665,1619301600000
114,2021-04-26 00:00:00,49066.76,54356.62,48753.44,54001.39,86310.802124,4555688503.3973875,2174544,43183.936749,2277375506.8553133,1619388000000
115,2021-04-27 00:00:00,54001.38,55460.0,53222.0,55011.97,54064.034675,2949719328.3669896,1568666,25631.074629,1398731801.1763363,1619474400000
116,2021-04-28 00:00:00,55011.97,56428.0,53813.16,54846.22,55130.459015,3020242787.5066776,1830042,26762.033422,1466278915.015322,1619560800000
117,2021-04-29 00:00:00,54846.23,55195.84,52330.94,53555.0,52486.019455,2823220335.4760413,1763676,25339.743902,1362821167.9325395,1619647200000
118,2021-04-30 00:00:00,53555.0,57963.0,53013.01,57694.27,68578.910045,3808187372.7393794,2267648,35634.129087,1978866536.224178,1619733600000
119,2021-05-01 00:00:00,57697.25,58458.07,56956.14,57800.37,42600.351836,2460342954.8425207,1743013,20574.810226,1188354972.0137234,1619820000000
120,2021-05-02 00:00:00,57797.35,57911.02,56035.25,56578.21,36812.878863,2089763230.439627,1371638,18172.891836,1031569632.4391578,1619906400000
121,2021-05-03 00:00:00,56578.21,58981.44,56435.0,57169.39,57649.931286,3337604542.627381,2102128,28536.055533,1652286174.1582646,1619992800000
122,2021-05-04 00:00:00,57169.39,57200.0,53046.69,53200.01,85324.625903,4705402064.300975,2492629,41029.688246,2262794503.8147497,1620079200000
123,2021-05-05 00:00:00,53205.05,58069.82,52900.0,57436.11,77263.923439,4327994296.151437,2378119,38729.475016,2170539511.7772765,1620165600000
124,2021-05-06 00:00:00,57436.11,58360.0,55200.0,56393.68,70181.671908,3992289527.7370973,2459881,34248.899643,1949210281.6920164,1620252000000
125,2021-05-07 00:00:00,56393.68,58650.0,55241.63,57314.75,74542.747829,4239374487.4747725,2361692,36877.602566,2097609397.229757,1620338400000
126,2021-05-08 00:00:00,57315.49,59500.0,56900.0,58862.05,69709.906028,4079553831.9880643,2311378,34329.699156,2009442622.5889053,1620424800000
127,2021-05-09 00:00:00,58866.53,59300.0,56235.66,58240.84,69806.11991,4043552701.5065985,2170139,34301.050457,1987959541.940182,1620511200000
128,2021-05-10 00:00:00,58240.83,59500.0,53400.0,55816.14,89586.34925,5131782639.966137,2575419,43057.977029,2468201497.9675717,1620597600000
129,2021-05-11 00:00:00,55816.14,56862.43,54370.0,56670.02,64329.54055,3583030654.763019,1911480,30880.828339,1720075588.2236335,1620684000000
130,2021-05-12 00:00:00,56670.02,58000.01,48600.0,49631.32,99842.789836,5476115093.110468,2676826,48299.826001,2654897646.092577,1620770400000
131,2021-05-13 00:00:00,49537.15,51367.19,46000.0,49670.97,147332.002121,7303694688.601401,3570506,71742.003359,3558735468.0045953,1620856800000
132,2021-05-14 00:00:00,49671.92,51483.0,48799.75,49841.45,80082.204306,4015904915.407911,2095860,37184.128863,1864162620.5027146,1620943200000
133,2021-05-15 00:00:00,49844.16,50700.0,46555.0,46762.99,89437.449359,4350775846.517358,2286791,42257.918463,2056302844.861021,1621029600000
134,2021-05-16 00:00:00,46762.99,49795.89,43825.39,46431.5,114269.812775,5367497608.115901,2661295,53797.590877,2528671396.1080194,1621116000000
135,2021-05-17 00:00:00,46426.83,46686.0,42001.0,43538.04,166657.172736,7346755531.933858,3216821,80610.146581,3555755756.3229218,1621202400000
136,2021-05-18 00:00:00,43538.02,45799.29,42250.02,42849.78,116979.860784,5146670282.547902,2561165,55703.00041,2450848779.21598,1621288800000
137,2021-05-19 00:00:00,42849.78,43584.9,30000.0,36690.09,354347.243161,13477694934.871798,6331062,168271.347308,6410032516.523526,1621375200000
138,2021-05-20 00:00:00,36671.23,42451.67,34850.0,40526.64,203017.596923,8019897067.17622,4269898,100167.126413,3959645913.2324944,1621461600000
139,2021-05-21 00:00:00,40525.39,42200.0,33488.0,37252.01,202100.888258,7713346610.274129,3993336,94002.431409,3591749386.78765,1621548000000
140,2021-05-22 00:00:00,37263.35,38829.0,35200.62,37449.73,126542.243689,4730567647.674401,2716691,63310.452012,2367081500.530058,1621634400000
141,2021-05-23 00:00:00,37458.51,38270.64,31111.01,34655.25,217136.046593,7431242463.203842,4082004,104637.659409,3584259319.7463818,1621720800000
142,2021-05-24 00:00:00,34681.44,39920.0,34031.0,38796.29,161630.893971,5996773032.151345,3510578,81584.825314,3031032098.518881,1621807200000
143,2021-05-25 00:00:00,38810.99,39791.77,36419.62,38324.72,111996.228404,4253519579.378729,2508310,54153.536814,2057463609.950911,1621893600000
144,2021-05-26 00:00:00,38324.72,40841.0,37800.44,39241.91,104780.773396,4113717505.2635546,2432319,50485.076994,1983423341.5599248,1621980000000
145,2021-05-27 00:00:00,39241.92,40411.14,37134.27,38529.98,86547.158794,3361413526.0535436,2102182,42256.012801,1641681553.5291371,1622066400000
146,2021-05-28 00:00:00,38529.99,38877.83,34684.0,35663.49,135377.62972,4926260941.933614,2659178,64327.281853,2341060689.073459,1622152800000
147,2021-05-29 00:00:00,35661.79,37338.58,33632.76,34605.15,112663.092689,3949843335.322595,2169643,54284.199652,1904345668.7790062,1622239200000
148,2021-05-30 00:00:00,34605.15,36488.0,33379.0,35641.27,73535.386967,2601994948.148242,1559892,37406.813903,1324617922.554574,1622325600000
149,2021-05-31 00:00:00,35641.26,37499.0,34153.84,37253.81,94160.735289,3406047734.8311286,1896359,46337.932504,1677796724.0573616,1622412000000
150,2021-06-01 00:00:00,37253.82,37894.81,35666.0,36693.09,81234.66377,2973928300.375587,1760417,40291.834851,1475008291.2336473,1622498400000
151,2021-06-02 00:00:00,36694.85,38225.0,35920.0,37568.68,67587.372495,2523462575.6884375,1530915,34328.496287,1281854474.9120827,1622584800000
152,2021-06-03 00:00:00,37568.68,39476.0,37170.0,39246.79,75889.106011,2930945325.709207,1949658,38664.297849,1493504667.613802,1622671200000
153,2021-06-04 00:00:00,39246.78,39289.07,35555.15,36829.0,91317.799245,3379399754.9305224,1926311,43105.97173,1595098152.9668267,1622757600000
154,2021-06-05 00:00:00,36829.15,37925.0,34800.0,35513.2,70459.62149,2560547116.8364058,1463754,34397.77436,1249708171.2723916,1622844000000
155,2021-06-06 00:00:00,35516.07,36480.0,35222.0,35796.31,47650.206637,1711857075.0471697,993430,23661.260636,850204250.7625557,1622930400000
156,2021-06-07 00:00:00,35796.31,36900.0,33300.0,33552.79,77574.952573,2755673601.713914,1532260,36431.560586,1295757611.708646,1623016800000
157,2021-06-08 00:00:00,33556.96,34068.01,31000.0,33380.81,123251.189037,4030784324.609684,2074885,60095.990201,1966354847.5691981,1623103200000
158,2021-06-09 00:00:00,33380.8,37534.79,32396.82,37388.05,136607.597517,4794741674.438823,2601479,68790.289265,2415789675.0859303,1623189600000
159,2021-06-10 00:00:00,37388.05,38491.0,35782.0,36675.72,109527.284943,4062957162.3643,2231430,53639.424022,1990486079.2177145,1623276000000
160,2021-06-11 00:00:00,36677.83,37680.4,35936.77,37331.98,78466.0053,2903043643.310072,1727645,39406.719224,1458619433.2768435,1623362400000
161,2021-06-12 00:00:00,37331.98,37463.63,34600.36,35546.11,87717.54999,3132387326.5375137,1719650,42571.205313,1520432734.299909,1623448800000
162,2021-06-13 00:00:00,35546.12,39380.0,34757.0,39020.57,86921.025555,3208991521.63768,1894103,45675.273616,1688611358.4117024,1623535200000
163,2021-06-14 00:00:00,39020.56,41064.05,38730.0,40516.29,108522.391949,4320307646.765389,2185089,53645.908744,2135285912.6205053,1623621600000
164,2021-06-15 00:00:00,40516.28,41330.0,39506.4,40144.04,80679.622838,3247746713.62741,1931890,39428.829726,1587381565.815413,1623708000000
165,2021-06-16 00:00:00,40143.8,40527.14,38116.01,38349.01,87771.976937,3450556041.6005836,2134897,42137.242251,1657135674.8230214,1623794400000
166,2021-06-17 00:00:00,38349.0,39559.88,37365.0,38092.97,79541.307119,3065622530.039886,1620210,37936.812673,1462729677.1158257,1623880800000
167,2021-06-18 00:00:00,38092.97,38202.84,35129.29,35819.84,95228.042935,3507868126.3062024,1809253,44824.436567,1651613641.3868167,1623967200000
168,2021-06-19 00:00:00,35820.48,36457.0,34803.52,35483.72,68712.449461,2453817534.777169,1212278,33788.293345,1207082481.7647178,1624053600000
169,2021-06-20 00:00:00,35483.72,36137.72,33336.0,35600.16,89878.17085,3124634336.8407607,1691871,44194.067387,1537385055.4929118,1624140000000
170,2021-06-21 00:00:00,35600.17,35750.0,31251.23,31608.93,168778.873159,5545926077.788067,2688993,81297.469751,2671033140.1889787,1624226400000
171,2021-06-22 00:00:00,31614.12,33298.78,28805.0,32509.56,204208.179762,6406159197.076789,3113977,99149.182266,3115465362.9670815,1624312800000
172,2021-06-23 00:00:00,32509.56,34881.0,31683.0,33678.07,126966.100563,4282250433.919445,2026228,63340.033137,2136458765.586804,1624399200000
173,2021-06-24 00:00:00,33675.07,35298.0,32286.57,34663.09,86625.80426,2925373222.105977,1531230,43994.708298,1486960778.326773,1624485600000
174,2021-06-25 00:00:00,34663.08,35500.0,31275.0,31584.45,116061.130356,3846120542.6572967,2094932,55656.156252,1846078278.3047829,1624572000000
175,2021-06-26 00:00:00,31576.09,32730.0,30151.0,32283.65,107820.375287,3376415451.793124,1814051,52978.159256,1659918820.240478,1624658400000
176,2021-06-27 00:00:00,32283.65,34749.0,31973.45,34700.34,96613.244211,3199980157.7503333,1799875,48772.52918,1616348030.4826243,1624744800000
177,2021-06-28 00:00:00,34702.49,35297.71,33862.72,34494.89,82222.267819,2837122779.5244017,1868627,40552.29218,1399861431.1646347,1624831200000
178,2021-06-29 00:00:00,34494.89,36600.0,34225.43,35911.73,90788.79622,3233947791.8633885,1673802,45376.587629,1616093004.8521647,1624917600000
179,2021-06-30 00:00:00,35911.72,36100.0,34017.55,35045.0,77152.197634,2688939291.095673,1301036,37035.769674,1290873346.2241623,1625004000000
180,2021-07-01 00:00:00,35045.0,35057.57,32711.0,33504.69,71708.266112,2410809595.390457,1240681,34986.055016,1176002216.565681,1625090400000
181,2021-07-02 00:00:00,33502.33,33977.04,32699.0,33786.55,56172.181378,1870193042.393537,1176457,27271.658005,908203511.3411496,1625176800000
182,2021-07-03 00:00:00,33786.54,34945.61,33316.73,34669.13,43044.578641,1478423023.503483,1078278,21331.875045,732586226.4725718,1625263200000
183,2021-07-04 00:00:00,34669.12,35967.85,34357.15,35286.51,43703.475789,1544458212.3926332,1164970,21180.335069,748187394.2395809,1625349600000
184,2021-07-05 00:00:00,35288.13,35293.78,33125.55,33690.14,64123.874245,2183406257.4938293,1109367,31489.855372,1071967415.425311,1625436000000
185,2021-07-06 00:00:00,33690.15,35118.88,33532.0,34220.01,58210.596349,1991691100.9482658,1184687,27801.954493,951269024.0379497,1625522400000
186,2021-07-07 00:00:00,34220.02,35059.09,33777.77,33862.12,53807.521675,1857658028.480804,1041416,27294.923927,941984587.9756222,1625608800000
187,2021-07-08 00:00:00,33862.11,33929.64,32077.0,32875.71,70136.48032,2304973020.298715,1257892,35104.655225,1152928339.821843,1625695200000
188,2021-07-09 00:00:00,32875.71,34100.0,32261.07,33815.81,47153.939899,1562958239.3913763,1236351,23660.068601,784288611.1325287,1625781600000
189,2021-07-10 00:00:00,33815.81,34262.0,33004.78,33502.87,34761.175468,1171790111.0829954,865508,17012.759197,573638406.5470238,1625868000000
190,2021-07-11 00:00:00,33502.87,34666.0,33306.47,34258.99,31572.647448,1070033013.1920449,952891,16434.537508,557336788.6966077,1625954400000
191,2021-07-12 00:00:00,34259.0,34678.43,32658.34,33086.63,48181.403762,1620646741.3349633,1176847,22602.907306,759877911.0350466,1626040800000
192,2021-07-13 00:00:00,33086.94,33340.0,32202.25,32729.77,41126.361008,1348583017.010343,956053,19588.278507,642576716.6041436,1626127200000
193,2021-07-14 00:00:00,32729.12,33114.03,31550.0,32820.02,46777.823484,1515692074.9875476,1123129,22516.485719,730009068.0708964,1626213600000
194,2021-07-15 00:00:00,32820.03,33185.25,31133.0,31880.0,51639.576353,1652077965.43656,1099367,24866.405787,795831015.696149,1626300000000
195,2021-07-16 00:00:00,31874.49,32249.18,31020.0,31383.87,48499.864154,1538342711.5796566,1067591,23963.744568,760274744.5520707,1626386400000
196,2021-07-17 00:00:00,31383.86,31955.92,31164.31,31520.07,34012.242132,1072815966.3363075,883442,16649.051308,525240023.82137984,1626472800000
197,2021-07-18 00:00:00,31520.07,32435.0,31108.97,31778.56,35923.716186,1140964365.6466014,760979,17554.182653,557709781.1191803,1626559200000
198,2021-07-19 00:00:00,31778.57,31899.0,30407.44,30839.65,47340.468499,1470563281.936503,846029,22709.510045,705480091.1446748,1626645600000
199,2021-07-20 00:00:00,30839.65,31063.07,29278.0,29790.35,61034.049017,1821230700.020391,1062139,28424.82505,847855259.1399382,1626732000000
200,2021-07-21 00:00:00,29790.34,32858.0,29482.61,32144.51,82796.265128,2603140706.0822244,1415058,42584.672219,1338356405.5419319,1626818400000
201,2021-07-22 00:00:00,32144.51,32591.35,31708.0,32287.83,46148.092433,1482763544.9505365,1000742,23274.512805,747848528.8767201,1626904800000
202,2021-07-23 00:00:00,32287.58,33650.0,31924.32,33634.09,50112.863626,1631947003.0730467,1394786,25018.977079,815391041.1933738,1626991200000
203,2021-07-24 00:00:00,33634.1,34500.0,33401.14,34258.14,47977.550138,1625046258.4365523,1196914,23937.617814,810983258.0424594,1627077600000
204,2021-07-25 00:00:00,34261.51,35398.0,33851.12,35381.02,47852.928313,1646935552.8055446,1245775,24632.1493,848320775.42419,1627164000000
205,2021-07-26 00:00:00,35381.02,40550.0,35205.78,37237.6,152452.512724,5832475057.065677,3330102,77191.346075,2953296773.15355,1627250400000
206,2021-07-27 00:00:00,37241.33,39542.61,36383.0,39457.87,88397.267015,3335658261.995547,1938478,45137.303439,1703810516.3378596,1627336800000
207,2021-07-28 00:00:00,39456.61,40900.0,38772.0,40019.56,101344.528441,4040889461.6615276,2631048,49019.136276,1954994215.0046122,1627423200000
208,2021-07-29 00:00:00,40019.57,40640.0,39200.0,40016.48,53998.439283,2154190697.3453183,1428738,26700.926244,1065505374.5052506,1627509600000
209,2021-07-30 00:00:00,40018.49,42316.71,38313.23,42206.37,73602.784805,2939833541.3815365,1797012,37730.426862,1509172746.2039788,1627596000000
210,2021-07-31 00:00:00,42206.36,42448.0,41000.15,41461.83,44849.791012,1868285510.8846788,1565380,22844.24505,951887855.6214969,1627682400000
211,2021-08-01 00:00:00,41461.84,42599.0,39422.01,39845.44,53953.186326,2227567271.4878654,1603964,25796.753795,1066579608.8398235,1627768800000
212,2021-08-02 00:00:00,39850.27,40480.01,38690.0,39147.82,50837.351954,2010928003.5944088,1162878,24558.005343,971596720.9467593,1627855200000
213,2021-08-03 00:00:00,39146.86,39780.0,37642.03,38207.05,57117.435853,2195360658.567329,1379871,27683.466598,1064118781.8498573,1627941600000
214,2021-08-04 00:00:00,38207.04,39969.66,37508.56,39723.18,52329.35243,2028792778.1848047,1220555,26804.211169,1039347051.5555266,1628028000000
215,2021-08-05 00:00:00,39723.17,41350.0,37332.7,40862.46,84343.755621,3314527738.339733,1913281,41673.129081,1638359889.802016,1628114400000
216,2021-08-06 00:00:00,40862.46,43392.43,39853.86,42836.87,75753.941347,3148022459.9161587,2223356,38278.004758,1591634314.1008012,1628200800000
217,2021-08-07 00:00:00,42836.87,44700.0,42446.41,44572.54,73396.740808,3197407326.036793,2258213,37355.623845,1627865923.8789735,1628287200000
218,2021-08-08 00:00:00,44572.54,45310.0,43261.0,43794.37,69329.092698,3074924734.87934,1857112,34099.15066,1512451140.3989158,1628373600000
219,2021-08-09 00:00:00,43794.36,46454.15,42779.0,46253.4,74587.884845,3362870286.258118,2130595,38464.60543,1735618666.8181322,1628460000000
220,2021-08-10 00:00:00,46248.87,46700.0,44589.46,45584.99,53814.643421,2452485823.9336543,1951330,26592.369314,1212338434.7318356,1628546400000
221,2021-08-11 00:00:00,45585.0,46743.47,45341.14,45511.0,52734.901977,2432788769.8326964,1862925,27064.393843,1248929298.8285875,1628632800000
222,2021-08-12 00:00:00,45510.67,46218.12,43770.0,44399.0,55266.108781,2478758524.8641763,1623329,26765.08804,1200329050.573911,1628719200000
223,2021-08-13 00:00:00,44400.06,47886.0,44217.39,47800.0,48239.370431,2239435701.1177917,1804716,25367.988236,1177391788.09299,1628805600000
224,2021-08-14 00:00:00,47799.99,48144.0,45971.03,47068.51,46114.359022,2166461458.668249,1849556,22999.528519,1080741765.6874592,1628892000000
225,2021-08-15 00:00:00,47068.5,47372.27,45500.0,46973.82,42110.711334,1950753713.2121248,1580122,21129.919776,979120004.2028339,1628978400000
226,2021-08-16 00:00:00,46973.82,48053.83,45660.0,45901.29,52480.574014,2462127629.6090236,1655378,25847.872438,1213162181.6654189,1629064800000
227,2021-08-17 00:00:00,45901.3,47160.0,44376.0,44695.95,57039.341629,2616339597.9157424,1781303,27320.261808,1253906922.5820968,1629151200000
228,2021-08-18 00:00:00,44695.95,46000.0,44203.28,44705.29,54099.415985,2439673265.947117,1656723,28538.223727,1286718404.7064972,1629237600000
229,2021-08-19 00:00:00,44699.37,47033.0,43927.7,46760.62,53411.75392,2416320067.133769,1774382,27193.50515,1230827552.4101412,1629324000000
230,2021-08-20 00:00:00,46760.62,49382.99,46622.99,49322.47,56850.352228,2721131744.2778172,1950404,29725.885112,1422944576.3472955,1629410400000
231,2021-08-21 00:00:00,49322.47,49757.04,48222.0,48821.87,46745.136584,2290966131.376161,2069725,23119.673786,1133342367.7445276,1629496800000
232,2021-08-22 00:00:00,48821.88,49500.0,48050.0,49239.22,37007.887795,1807169840.1691713,1610192,18587.877552,907708162.1109709,1629583200000
233,2021-08-23 00:00:00,49239.22,50500.0,49029.0,49488.85,52462.541954,2616721363.685172,2143309,26218.97512,1307817635.390983,1629669600000
234,2021-08-24 00:00:00,49488.85,49860.0,47600.0,47674.01,51014.594748,2486079315.5644236,1692896,24702.923443,1203899649.6998262,1629756000000
235,2021-08-25 00:00:00,47674.01,49264.3,47126.28,48973.32,44655.830342,2149442271.5264206,1559186,21796.877672,1049712097.3482182,1629842400000
236,2021-08-26 00:00:00,48973.32,49352.84,46250.0,46843.87,49371.277774,2333900030.229628,1532753,23686.563496,1120008931.619874,1629928800000
237,2021-08-27 00:00:00,46843.86,49149.93,46348.0,49069.9,42068.104965,2007071230.219995,1320503,21727.05079,1036769755.559603,1630015200000
238,2021-08-28 00:00:00,49069.9,49299.0,48346.88,48895.35,26681.063786,1303966035.7705495,793012,13895.763677,679193791.5995204,1630101600000
239,2021-08-29 00:00:00,48895.35,49632.27,47762.54,48767.83,32652.283473,1588661416.3603797,1193046,16157.043096,786599088.6916698,1630188000000
240,2021-08-30 00:00:00,48767.84,48888.61,46853.0,46982.91,40288.35083,1932344430.923926,1204012,19637.84056,942218565.0215595,1630274400000
241,2021-08-31 00:00:00,46982.91,48246.11,46700.0,47100.89,48645.52737,2303799571.3822727,1300400,24426.21235,1156878830.6908386,1630360800000
242,2021-09-01 00:00:00,47100.89,49156.0,46512.0,48810.52,49904.65528,2386074445.415852,1280384,25102.36864,1200480555.049387,1630447200000
243,2021-09-02 00:00:00,48810.51,50450.13,48584.06,49246.64,54410.770538,2704192314.674689,1549849,28351.807225,1409412062.219681,1630533600000
244,2021-09-03 00:00:00,49246.63,51000.0,48316.84,49999.14,59025.644157,2949574478.071738,1645163,29625.443383,1481238133.394633,1630620000000
245,2021-09-04 00:00:00,49998.0,50535.69,49370.0,49915.64,34664.65959,1733527136.4442587,1225830,16739.70385,837225473.735276,1630706400000
246,2021-09-05 00:00:00,49917.54,51900.0,49450.0,51756.88,40544.835873,2049212025.844659,1417660,21557.235864,1090239906.6856637,1630792800000
247,2021-09-06 00:00:00,51756.88,52780.0,50969.33,52663.9,49249.667081,2549290983.0568776,1678015,24620.352525,1274643403.547947,1630879200000
248,2021-09-07 00:00:00,52666.2,52920.0,42843.05,46863.73,123048.802719,6004105772.870442,3321711,57935.601976,2832268574.038726,1630965600000
249,2021-09-08 00:00:00,46868.57,47340.99,44412.02,46048.31,65069.3152,3000605793.9389606,1796101,31796.7476,1466544608.2678735,1631052000000
250,2021-09-09 00:00:00,46048.31,47399.97,45513.08,46395.14,50651.66002,2351862983.5182414,1567586,24183.38803,1122994690.9093316,1631138400000
251,2021-09-10 00:00:00,46395.14,47033.0,44132.29,44850.91,49048.26618,2243698626.0395164,1569941,24358.59799,1114490733.8792434,1631224800000
252,2021-09-11 00:00:00,44842.2,45987.93,44722.22,45173.69,30440.4081,1380370764.0127168,1060890,14804.3426,671123069.5623685,1631311200000
253,2021-09-12 00:00:00,45173.68,46460.0,44742.06,46025.24,32094.28052,1464780920.2199812,1179808,15735.45104,718436012.7588656,1631397600000
254,2021-09-13 00:00:00,46025.23,46880.0,43370.0,44940.73,65429.15056,2930668118.2616343,1703512,32041.05972,1435586958.7798681,1631484000000
255,2021-09-14 00:00:00,44940.72,47250.0,44594.44,47111.52,44855.85099,2072259519.0619197,1210258,22182.46649,1025156547.7189184,1631570400000
256,2021-09-15 00:00:00,47103.28,48500.0,46682.32,48121.41,43204.71174,2056996398.8439617,1176050,20903.53535,995198313.7474111,1631656800000
257,2021-09-16 00:00:00,48121.4,48557.0,47021.1,47737.82,40725.08895,1948447232.9107177,1176129,19907.79151,952502982.8119017,1631743200000
258,2021-09-17 00:00:00,47737.81,48150.0,46699.56,47299.98,34461.92776,1637122049.4128377,1033968,16599.46162,788563444.4133477,1631829600000
259,2021-09-18 00:00:00,47299.98,48843.2,47035.56,48292.74,30906.47038,1491461627.9514225,976346,15219.90487,734476256.0995072,1631916000000
260,2021-09-19 00:00:00,48292.75,48372.83,46829.18,47241.75,29847.24349,1421642879.4932063,909785,14346.79979,683249734.0721828,1632002400000
261,2021-09-20 00:00:00,47241.75,47347.25,42500.0,43015.62,78003.524443,3457139274.300071,1842231,36108.362951,1600107748.5660272,1632088800000
262,2021-09-21 00:00:00,43016.64,43639.0,39600.0,40734.38,84534.080485,3551997786.6903553,1820721,38942.74356,1637800328.5038831,1632175200000
263,2021-09-22 00:00:00,40734.09,44000.55,40565.39,43543.61,58349.05542,2482639471.907596,1304011,29321.5066,1248027083.190341,1632261600000
264,2021-09-23 00:00:00,43546.37,44978.0,43069.09,44865.26,48699.57655,2147211305.482089,1196106,24503.00365,1080404499.5649571,1632348000000
265,2021-09-24 00:00:00,44865.26,45200.0,40675.0,42810.57,84113.426292,3596718231.0505486,1819744,41952.776582,1794510963.7797813,1632434400000
266,2021-09-25 00:00:00,42810.58,42966.84,41646.28,42670.64,33594.57189,1428238748.2095258,949787,16555.7295,703947971.383276,1632520800000
267,2021-09-26 00:00:00,42670.63,43950.0,40750.0,43160.9,49879.99765,2124657079.2797766,1374145,24762.74447,1055225792.1285858,1632607200000
268,2021-09-27 00:00:00,43160.9,44350.0,42098.0,42147.35,39776.84383,1728912299.8034244,1001487,19307.85346,839585982.3907081,1632693600000
269,2021-09-28 00:00:00,42147.35,42787.38,40888.0,41026.54,43372.2624,1816305387.8388581,1045389,20710.0903,867306872.2124455,1632780000000
270,2021-09-29 00:00:00,41025.01,42590.0,40753.88,41524.28,33511.53487,1399625476.0563762,884909,16338.4266,682466342.7870586,1632866400000
271,2021-09-30 00:00:00,41524.29,44141.37,41410.17,43824.1,46381.22781,2005486003.5646772,1197815,23348.93974,1009687948.2258337,1632952800000
272,2021-10-01 00:00:00,43820.01,48495.0,43283.03,48141.61,66244.87492,3076094886.592474,1771237,34156.88321,1585411525.337827,1633039200000
273,2021-10-02 00:00:00,48141.6,48336.59,47430.18,47634.9,30508.98131,1459064880.5324447,996116,15180.50362,726007609.1562026,1633125600000
274,2021-10-03 00:00:00,47634.89,49228.08,47088.0,48200.01,30825.05601,1482764462.1905775,1114294,15426.81514,742443046.4075491,1633212000000
275,2021-10-04 00:00:00,48200.01,49536.12,46891.0,49224.94,46796.49372,2258464361.1263566,1437692,23032.4914,1112232800.7886517,1633298400000
276,2021-10-05 00:00:00,49224.93,51886.3,49022.4,51471.99,52125.66793,2618101829.0177226,1641651,26687.41046,1341045872.9987288,1633384800000
277,2021-10-06 00:00:00,51471.99,55750.0,50382.41,55315.0,79877.545181,4236927265.381522,2443126,40664.027517,2158326113.6632404,1633471200000
278,2021-10-07 00:00:00,55315.0,55332.31,53357.0,53785.22,54917.37766,2983143121.088643,1703147,26485.89849,1438826617.038987,1633557600000
279,2021-10-08 00:00:00,53785.22,56100.0,53617.61,53951.43,46160.25785,2522087625.0940795,1548832,22643.19334,1237799956.8681743,1633644000000
280,2021-10-09 00:00:00,53955.67,55489.0,53661.67,54949.72,55177.08013,3024862790.6955924,1609483,27686.74749,1518044340.2089689,1633730400000
281,2021-10-10 00:00:00,54949.72,56561.31,54080.0,54659.0,89237.836128,4923958325.389876,2427176,44656.915748,2464422246.842279,1633816800000
282,2021-10-11 00:00:00,54659.01,57839.04,54415.06,57471.35,52933.165751,2994673617.7236485,1690409,26858.829013,1519825843.1170495,1633903200000
283,2021-10-12 00:00:00,57471.35,57680.0,53879.0,55996.93,53471.2855,3017210682.8859496,1554412,26157.44247,1477084242.54916,1633989600000
284,2021-10-13 00:00:00,55996.91,57777.0,54167.19,57367.0,55808.44492,3123307687.477303,1610489,27985.13207,1566812325.67564,1634076000000
285,2021-10-14 00:00:00,57370.83,58532.54,56818.05,57347.94,43053.336781,2481915791.591235,1372048,21940.264979,1265138476.8655941,1634162400000
286,2021-10-15 00:00:00,57347.94,62933.0,56850.0,61672.42,82512.908022,4959389368.726733,2649137,43913.676331,2638969873.669803,1634248800000
287,2021-10-16 00:00:00,61672.42,62378.42,60150.0,60875.57,35467.88096,2173374058.808911,1360379,17286.46284,1059536457.6160173,1634335200000
288,2021-10-17 00:00:00,60875.57,61718.39,58963.0,61528.33,39099.24124,2371696294.7973056,1331655,19289.94298,1170524004.7692945,1634421600000
289,2021-10-18 00:00:00,61528.32,62695.78,59844.45,62009.84,51798.44844,3195091233.4205527,1629184,25859.08539,1595447836.139042,1634508000000
290,2021-10-19 00:00:00,62005.6,64486.0,61322.22,64280.59,53628.107744,3370863940.269437,1755708,27436.545484,1724665979.8435092,1634594400000
291,2021-10-20 00:00:00,64280.59,67000.0,63481.4,66001.41,51428.934856,3362878816.4045925,1823286,27623.990526,1806653764.6708326,1634680800000
292,2021-10-21 00:00:00,66001.4,66639.74,62000.0,62193.15,68538.64537,4407757970.879756,2181665,32008.51421,2060110973.8058941,1634767200000
293,2021-10-22 00:00:00,62193.15,63732.39,60000.0,60688.22,52119.35886,3229377744.3114257,1555280,25440.69118,1576807744.195897,1634853600000
294,2021-10-23 00:00:00,60688.23,61747.64,59562.15,61286.75,27626.93678,1686121722.2187824,982103,13352.56908,815306581.3357304,1634940000000
295,2021-10-24 00:00:00,61286.75,61500.0,59510.63,60852.22,31226.57676,1889694558.9504948,1052085,15682.1686,949151331.8623388,1635026400000
296,2021-10-25 00:00:00,60852.22,63710.63,60650.0,63078.78,36853.83806,2309339650.1093802,1270453,18577.25472,1164150305.9348185,1635112800000
297,2021-10-26 00:00:00,63078.78,63293.48,59817.55,60328.81,40217.50083,2492606133.3189454,1334460,18699.28475,1160289812.695996,1635199200000
298,2021-10-27 00:00:00,60328.81,61496.0,58000.0,58413.44,62124.49016,3688306192.972418,1913083,29983.43122,1780494793.5603175,1635285600000
299,2021-10-28 00:00:00,58413.44,62499.0,57820.0,60575.89,61056.35301,3677629851.0596066,1878275,30447.44205,1835335717.8149135,1635372000000
300,2021-10-29 00:00:00,60575.9,62980.0,60174.81,62253.71,43973.90414,2706090987.3096256,1417344,22262.86881,1370325591.0001447,1635458400000
301,2021-10-30 00:00:00,62253.7,62359.25,60673.0,61859.19,31478.12566,1937860260.4380624,1197748,15583.51105,959369103.6133327,1635544800000
302,2021-10-31 00:00:00,61859.19,62405.3,59945.36,61299.8,39267.63794,2396556477.343494,1563417,19362.08206,1181449065.6191804,1635631200000
303,2021-11-01 00:00:00,61299.81,62437.74,59405.0,60911.11,44687.66672,2737282804.738131,1472636,22139.95506,1356676790.5772645,1635721200000
304,2021-11-02 00:00:00,60911.12,64270.0,60624.68,63219.99,46368.2841,2909221038.40065,1858362,23852.14282,1496448016.5988712,1635807600000
305,2021-11-03 00:00:00,63220.57,63500.0,60382.76,62896.48,43336.09049,2713389500.4663587,1601925,20662.34777,1294306441.66844,1635894000000
306,2021-11-04 00:00:00,62896.49,63086.31,60677.01,61395.01,35930.93314,2218138026.7045407,1346081,17843.38035,1101751566.3843453,1635980400000
307,2021-11-05 00:00:00,61395.01,62595.72,60721.0,60937.12,31604.48749,1943346371.470386,1243074,15769.15494,969780612.6853931,1636066800000
308,2021-11-06 00:00:00,60940.18,61560.49,60050.0,61470.61,25590.57408,1556774943.5537283,965309,12511.52761,761294376.4716995,1636153200000
309,2021-11-07 00:00:00,61470.62,63286.35,61322.78,63273.59,25515.6883,1585744720.199772,1068629,13567.09782,843384435.4409548,1636239600000
310,2021-11-08 00:00:00,63273.58,67789.0,63273.58,67525.83,54442.094554,3575716171.0442996,2349581,28879.186436,1897321249.827841,1636326000000
311,2021-11-09 00:00:00,67525.82,68524.25,66222.4,66947.66,44661.378068,3014326962.087268,1847655,22243.236452,1501548663.7926426,1636412400000
312,2021-11-10 00:00:00,66947.67,69000.0,62822.9,64882.43,65171.504046,4335575752.805223,2347934,31344.743321,2088305177.7774785,1636498800000
313,2021-11-11 00:00:00,64882.42,65600.07,64100.0,64774.26,37237.98058,2415537333.57771,1327827,18589.51479,1205890453.6044016,1636585200000
314,2021-11-12 00:00:00,64774.25,65450.7,62278.0,64122.23,44490.10816,2844286547.5040407,1479149,21028.45541,1344883879.1387346,1636671600000
315,2021-11-13 00:00:00,64122.22,65000.0,63360.22,64380.0,22504.97383,1442441613.5983925,904149,11094.05209,711146514.0645869,1636758000000
316,2021-11-14 00:00:00,64380.01,65550.51,63576.27,65519.1,25705.07347,1658473781.2937696,951393,12629.83414,815039550.9471319,1636844400000
317,2021-11-15 00:00:00,65519.11,66401.82,63400.0,63606.74,37829.37124,2460915922.8761277,1305209,19160.47382,1247275595.4355905,1636930800000
318,2021-11-16 00:00:00,63606.73,63617.31,58574.07,60058.87,77455.15609,4705744041.299647,2353681,36375.32415,2209839153.3697233,1637017200000
319,2021-11-17 00:00:00,60058.87,60840.23,58373.0,60344.87,46289.38491,2767802055.200423,1471305,22545.24375,1348537946.9526918,1637103600000
320,2021-11-18 00:00:00,60344.86,60976.0,56474.26,56891.62,62146.99931,3644824179.1448526,1960419,29742.20507,1745202989.742389,1637190000000
321,2021-11-19 00:00:00,56891.62,58320.0,55600.0,58052.24,50715.88726,2896189975.910774,1560459,24072.28575,1374771758.2367315,1637276400000
322,2021-11-20 00:00:00,58057.1,59845.0,57353.0,59707.51,33811.5901,1982718831.1570773,1200190,16682.28087,978340154.0756932,1637362800000
323,2021-11-21 00:00:00,59707.52,60029.76,58486.65,58622.02,31902.22785,1886578154.5167086,1249219,14949.12309,884084155.7068344,1637449200000
324,2021-11-22 00:00:00,58617.7,59444.0,55610.0,56247.18,51724.32047,2968622334.1376567,1624768,24834.9816,1425668562.2116647,1637535600000
325,2021-11-23 00:00:00,56243.83,58009.99,55317.0,57541.27,49917.85017,2837210673.4885187,1570845,25217.65003,1433171468.6668608,1637622000000
326,2021-11-24 00:00:00,57541.26,57735.0,55837.0,57138.29,39612.04964,2246374244.330568,1432991,19625.09659,1113184375.6794689,1637708400000
327,2021-11-25 00:00:00,57138.29,59398.9,57000.0,58960.36,42153.51522,2455658857.700593,1604266,21112.80397,1230022891.7300947,1637794800000
328,2021-11-26 00:00:00,58960.37,59150.0,53500.0,53726.53,65927.87066,3649353860.4295664,2138184,31287.4699,1731974879.8668964,1637881200000
329,2021-11-27 00:00:00,53723.72,55280.0,53610.0,54721.03,29716.99957,1623173123.4917316,1110145,14462.93801,790191540.9148489,1637967600000
330,2021-11-28 00:00:00,54716.47,57445.05,53256.64,57274.88,36163.7137,1982198373.532835,1253408,18520.69985,1016073216.5947642,1638054000000
331,2021-11-29 00:00:00,57274.89,58865.97,56666.67,57776.25,40125.28009,2313371348.113543,1349625,19520.25038,1125240984.5522516,1638140400000
332,2021-11-30 00:00:00,57776.25,59176.99,55875.55,56950.56,49161.05194,2823644073.021905,1587472,23867.80287,1371720422.255628,1638226800000
333,2021-12-01 00:00:00,56950.56,59053.55,56458.01,57184.07,44956.63656,2584928714.0757422,1442301,21501.29463,1236414404.9088528,1638313200000
334,2021-12-02 00:00:00,57184.07,57375.47,55777.77,56480.34,37574.05976,2127110102.1073096,1307890,18375.47518,1040366894.5501271,1638399600000
335,2021-12-03 00:00:00,56484.26,57600.0,51680.0,53601.05,58927.69027,3246198505.9468513,1865063,27287.25751,1505556556.1578631,1638486000000
336,2021-12-04 00:00:00,53601.05,53859.1,42000.3,49152.47,114203.373748,5495712061.978532,3362771,52876.55238,2544632557.496252,1638572400000
337,2021-12-05 00:00:00,49152.46,49699.05,47727.21,49396.33,45580.82012,2231486105.8439116,1371839,22420.90324,1097785758.5909762,1638658800000
338,2021-12-06 00:00:00,49396.32,50891.11,47100.0,50441.92,58571.21575,2851528919.1795363,1741956,28820.34753,1403464676.8850937,1638745200000
339,2021-12-07 00:00:00,50441.91,51936.33,50039.74,50588.95,38253.46877,1950573500.2086658,1212350,18679.11099,952551067.6259857,1638831600000
340,2021-12-08 00:00:00,50588.95,51200.0,48600.0,50471.19,38425.92466,1925458787.1147523,1118225,18126.84362,908410692.2460091,1638918000000
341,2021-12-09 00:00:00,50471.19,50797.76,47320.0,47545.59,37692.68665,1841474998.89511,1130599,18097.0596,884082539.7047912,1639004400000
342,2021-12-10 00:00:00,47535.9,50125.0,46852.0,47140.54,44233.57391,2135023722.8531513,1215231,21143.96129,1020995576.3025669,1639090800000
343,2021-12-11 00:00:00,47140.54,49485.71,46751.0,49389.99,28889.19358,1397524635.581402,957390,14452.26806,699251597.8052382,1639177200000
344,2021-12-12 00:00:00,49389.99,50777.0,48638.0,50053.9,26017.93421,1292315883.6245537,863605,13266.00955,658923314.8679801,1639263600000
345,2021-12-13 00:00:00,50053.9,50189.97,45672.75,46702.75,50869.52093,2423888500.790305,1399599,23487.0228,1119972248.5384023,1639350000000
346,2021-12-14 00:00:00,46702.76,48700.41,46290.0,48343.28,39955.98445,1887427362.4740965,1194992,20010.80589,945501336.1569144,1639436400000
347,2021-12-15 00:00:00,48336.95,49500.0,46547.0,48864.98,51629.181,2487012309.0915494,1438176,25861.16891,1246095378.459541,1639522800000
348,2021-12-16 00:00:00,48864.98,49436.43,47511.0,47632.38,31949.86739,1551200654.052745,1023983,15281.92439,742115283.5773988,1639609200000
349,2021-12-17 00:00:00,47632.38,47995.96,45456.0,46131.2,43104.4887,2015966349.5161324,1261780,19846.77192,928665863.5850744,1639695600000
350,2021-12-18 00:00:00,46133.83,47392.37,45500.0,46834.48,25020.05271,1165205135.7008426,862066,12635.54707,588649454.2725667,1639782000000
351,2021-12-19 00:00:00,46834.47,48300.01,46406.91,46681.23,29305.70665,1384958598.3627698,874827,14646.77828,692559814.2285637,1639868400000
352,2021-12-20 00:00:00,46681.24,47537.57,45558.85,46914.16,35848.50609,1663363117.8304534,1076488,17666.32749,819817570.663743,1639954800000
353,2021-12-21 00:00:00,46914.17,49328.96,46630.0,48889.88,37713.92924,1827234149.0598803,1119412,19356.27006,937648412.2221354,1640041200000
354,2021-12-22 00:00:00,48887.59,49576.13,48421.87,48588.16,27004.2022,1322418595.3337295,949480,13402.54963,656467230.7563097,1640127600000
355,2021-12-23 00:00:00,48588.17,51375.0,47920.42,50838.81,35192.54046,1738129830.7814522,1176050,17397.67034,859605116.679757,1640214000000
356,2021-12-24 00:00:00,50838.82,51810.0,50384.43,50820.0,31684.84269,1618089927.2810063,1075177,15108.36362,771557283.6260679,1640300400000
357,2021-12-25 00:00:00,50819.99,51156.23,50142.32,50399.66,19135.51613,971491029.130824,766979,9928.30266,504102529.5288982,1640386800000
358,2021-12-26 00:00:00,50399.67,51280.0,49412.0,50775.49,22569.88914,1132200241.5624182,797133,11285.69707,566374786.7160686,1640473200000
359,2021-12-27 00:00:00,50775.48,52088.0,50449.0,50701.44,28792.21566,1472065236.0117192,1009411,14436.09322,738369203.3321569,1640559600000
360,2021-12-28 00:00:00,50701.44,50704.05,47313.01,47543.74,45853.33924,2242102220.931003,1345774,21743.17013,1063171693.1535625,1640646000000
361,2021-12-29 00:00:00,47543.74,48139.08,46096.99,46464.66,39498.87,1873785571.2732966,1114074,19089.6191,905969695.6425399,1640732400000
362,2021-12-30 00:00:00,46464.66,47900.0,45900.0,47120.87,30352.29569,1428755720.453203,910157,14886.52375,700792256.6883159,1640818800000
363,2021-12-31 00:00:00,47120.88,48548.26,45678.0,46216.93,34937.99796,1650715977.918517,1059783,17315.5423,818331688.0033131,1640905200000
364,2022-01-01 00:00:00,46216.93,47954.63,46208.37,47722.65,19604.46325,924155159.5834866,714899,9942.36679,468738711.7901065,1640991600000
365,2022-01-02 00:00:00,47722.66,47990.0,46654.0,47286.18,18340.4604,866610995.5633582,709624,9166.46954,433182392.2819466,1641078000000
366,2022-01-03 00:00:00,47286.18,47570.0,45696.0,46446.1,27662.0771,1292203508.325655,885624,13524.76045,631879430.11428,1641164400000
367,2022-01-04 00:00:00,46446.1,47557.54,45500.0,45832.01,35491.4136,1649170424.1276133,1021815,17689.26808,821725463.0808074,1641250800000
368,2022-01-05 00:00:00,45832.01,47070.0,42500.0,43451.13,51784.11857,2334288544.645448,1478532,23552.9946,1063287226.3571414,1641337200000
369,2022-01-06 00:00:00,43451.14,43816.0,42430.58,43082.31,38880.37305,1674466154.4383326,1150707,19268.82662,829886561.8261453,1641423600000
370,2022-01-07 00:00:00,43082.3,43145.83,40610.0,41566.48,54836.50818,2293851015.4652367,1406635,26519.39261,1109740200.2387211,1641510000000
371,2022-01-08 00:00:00,41566.48,42300.0,40501.0,41679.74,32952.73111,1367233494.8277667,1021908,16462.53747,683155535.4215348,1641596400000
372,2022-01-09 00:00:00,41679.74,42786.7,41200.02,41864.62,22724.39426,952830064.5125849,752733,11399.78979,478046850.277152,1641682800000
373,2022-01-10 00:00:00,41864.62,42248.5,39650.0,41822.49,50729.17019,2088111339.5055964,1250983,24654.54811,1015935553.4027652,1641769200000
374,2022-01-11 00:00:00,41822.49,43100.0,41268.93,42729.29,37296.43729,1574803608.9600787,1015526,18521.95391,782176383.1010936,1641855600000
375,2022-01-12 00:00:00,42729.29,44322.0,42450.0,43902.66,33943.2928,1470906437.7120714,1023902,17584.31885,762205618.815565,1641942000000
376,2022-01-13 00:00:00,43902.65,44500.0,42311.22,42560.11,34910.87762,1515944525.4954948,1036234,17175.40587,746075123.2441132,1642028400000
377,2022-01-14 00:00:00,42558.35,43448.78,41725.95,43059.96,32640.88292,1392000443.3501675,946938,15434.18945,658472386.2432475,1642114800000
378,2022-01-15 00:00:00,43059.96,43800.0,42555.0,43084.29,21936.05616,946488263.5484481,752688,11133.18615,480516487.1849679,1642201200000
379,2022-01-16 00:00:00,43084.29,43475.0,42581.79,43071.66,20602.35271,887203134.0531468,732171,10052.19291,432899939.6738643,1642287600000
380,2022-01-17 00:00:00,43071.66,43176.18,41540.42,42201.62,27562.08613,1169381684.4668436,918029,13448.54192,570690475.9728293,1642374000000
381,2022-01-18 00:00:00,42201.63,42691.0,41250.0,42352.12,29324.08257,1228459687.3994458,905061,14527.82371,608578954.6171259,1642460400000
382,2022-01-19 00:00:00,42352.12,42559.13,41138.56,41660.01,31685.72159,1327478459.1602297,924528,15603.74304,653807601.6725059,1642546800000
383,2022-01-20 00:00:00,41660.0,43505.0,40553.31,40680.91,42330.33953,1784801200.404487,1098761,20201.47991,852629490.2787864,1642633200000
384,2022-01-21 00:00:00,40680.92,41100.0,35440.45,36445.31,88860.891999,3405501703.2219367,2092561,41615.085819,1595831787.700032,1642719600000
385,2022-01-22 00:00:00,36445.31,36835.22,34008.0,35071.42,90471.338961,3207531048.0306516,2099978,42722.278233,1514027491.3203938,1642806000000
386,2022-01-23 00:00:00,35071.42,36499.0,34601.01,36244.55,44279.52354,1572414639.0428774,1142407,22841.39451,811501507.0363061,1642892400000
387,2022-01-24 00:00:00,36244.55,37550.0,32917.17,36660.35,91904.753211,3192041586.10319,1999352,46469.272938,1615890700.8425,1642978800000
388,2022-01-25 00:00:00,36660.35,37545.14,35701.0,36958.32,49232.40183,1799224214.4997392,1248246,24988.42876,913198135.6036831,1643065200000
389,2022-01-26 00:00:00,36958.32,38919.98,36234.63,36809.34,69830.16036,2627491976.6908574,1584468,35240.31542,1326474948.4632242,1643151600000
390,2022-01-27 00:00:00,36807.24,37234.47,35507.01,37160.1,53020.87934,1925920128.3436604,1308408,26750.94594,971815942.2707555,1643238000000
391,2022-01-28 00:00:00,37160.11,38000.0,36155.01,37716.56,42154.26956,1560203931.220128,1061101,21496.47551,795847847.5123422,1643324400000
392,2022-01-29 00:00:00,37716.57,38720.74,37268.44,38166.84,26129.49682,989652386.9966494,816601,13292.42156,503624477.659453,1643410800000
393,2022-01-30 00:00:00,38166.83,38359.26,37351.63,37881.76,21430.66527,812750216.6010319,698593,10798.3846,409620744.0169444,1643497200000
394,2022-01-31 00:00:00,37881.75,38744.0,36632.61,38466.9,36855.2458,1386754529.0295446,936014,18422.26954,693360023.3316519,1643583600000
395,2022-02-01 00:00:00,38466.9,39265.2,38000.0,38694.59,34574.44663,1334266166.7099988,917617,17730.99304,684446571.1793659,1643670000000
396,2022-02-02 00:00:00,38694.59,38855.92,36586.95,36896.36,35794.6813,1353093948.9776013,907905,17251.43687,652533107.6999176,1643756400000
397,2022-02-03 00:00:00,36896.37,37387.0,36250.0,37311.61,32081.10999,1179502838.6566265,848961,16468.10233,605530493.5816588,1643842800000
398,2022-02-04 00:00:00,37311.98,41772.33,37026.73,41574.25,64703.95874,2526572562.058285,1380724,33053.66668,1291953441.5589995,1643929200000
399,2022-02-05 00:00:00,41571.7,41913.69,40843.01,41382.59,32532.34372,1349805515.9300365,1006352,16566.08602,687352854.8254198,1644015600000
400,2022-02-06 00:00:00,41382.6,42656.0,41116.56,42380.87,22405.16704,934168802.8801152,788291,11546.39088,481652514.3718321,1644102000000
401,2022-02-07 00:00:00,42380.87,44500.5,41645.85,43839.99,51060.62006,2204523609.903396,1473274,25457.79986,1099936959.0396457,1644188400000
402,2022-02-08 00:00:00,43839.99,45492.0,42666.0,44042.99,64880.29387,2847485971.4977336,1653350,33004.09337,1448178622.4660032,1644274800000
403,2022-02-09 00:00:00,44043.0,44799.0,43117.92,44372.72,34428.16729,1512500139.1430995,1066395,17115.60108,752210712.4118421,1644361200000
404,2022-02-10 00:00:00,44372.71,45821.0,43174.01,43495.44,62357.29091,2772188373.222783,1541483,30323.12245,1348871895.8677204,1644447600000
405,2022-02-11 00:00:00,43495.44,43920.0,41938.51,42373.73,44975.1687,1937866768.5059533,1169354,22063.76915,950913914.0296428,1644534000000
406,2022-02-12 00:00:00,42373.73,43079.49,41688.88,42217.87,26556.85681,1123136004.7237246,830322,12814.60322,542061655.4291937,1644620400000
407,2022-02-13 00:00:00,42217.87,42760.0,41870.0,42053.66,17732.08113,750533311.6529565,624898,8333.13302,352741586.0597297,1644706800000
408,2022-02-14 00:00:00,42053.65,42842.4,41550.56,42535.94,34010.1306,1436927831.4445863,867622,16912.76672,714598651.165975,1644793200000
409,2022-02-15 00:00:00,42535.94,44751.4,42427.03,44544.86,38095.19576,1672855933.625659,990694,19180.32434,842363401.2128453,1644879600000
410,2022-02-16 00:00:00,44544.85,44549.97,43307.0,43873.56,28471.8727,1250973502.3018453,823745,14106.69537,619773473.0165873,1644966000000
411,2022-02-17 00:00:00,43873.56,44164.71,40073.21,40515.7,47245.99494,1993400162.9480667,1067658,21468.60602,906038209.7818584,1645052400000
412,2022-02-18 00:00:00,40515.71,40959.88,39450.0,39974.44,43845.92241,1765622365.9527562,1025882,20609.06764,829953072.4139525,1645138800000
413,2022-02-19 00:00:00,39974.45,40444.32,39639.03,40079.17,18042.0551,721960636.0646693,586653,8374.975,335209843.631803,1645225200000
414,2022-02-20 00:00:00,40079.17,40125.44,38000.0,38386.89,33439.29011,1293216601.4518795,811235,15338.25392,592897166.4491583,1645311600000
415,2022-02-21 00:00:00,38386.89,39494.35,36800.0,37008.16,62347.68496,2382027320.8617606,1352290,30617.13558,1170272316.2758772,1645398000000
416,2022-02-22 00:00:00,37008.16,38429.0,36350.0,38230.33,53785.94589,2010628230.7549176,1212527,27322.73575,1021948126.9253064,1645484400000
417,2022-02-23 00:00:00,38230.33,39249.93,37036.79,37250.01,43560.732,1665486687.239937,1030872,21449.9558,820639942.0318317,1645570800000
418,2022-02-24 00:00:00,37250.02,39843.0,34322.28,38327.21,120476.29458,4335107392.009488,2622780,60103.1314,2164376869.726107,1645657200000
419,2022-02-25 00:00:00,38328.68,39683.53,38014.37,39219.17,56574.57125,2197889580.282669,1408558,29904.01589,1161436657.8296285,1645743600000
420,2022-02-26 00:00:00,39219.16,40348.45,38573.18,39116.72,29361.2568,1152621719.69438,924257,14658.93596,575852237.9808168,1645830000000
421,2022-02-27 00:00:00,39116.73,39855.7,37000.0,37699.07,46229.44719,1780512702.886402,1265753,21789.2508,840141690.3293545,1645916400000
422,2022-02-28 00:00:00,37699.08,44225.84,37450.17,43160.0,73945.63858,2975160226.1689854,1931087,38543.78078,1553136662.0034583,1646002800000
423,2022-03-01 00:00:00,43160.0,44949.0,42809.98,44421.2,61743.09873,2701611023.6943197,1866871,30937.54085,1353520463.0084743,1646089200000
424,2022-03-02 00:00:00,44421.2,45400.0,43334.09,43892.98,57782.65081,2550792948.2886243,1653131,28624.1131,1264172354.0456262,1646175600000
425,2022-03-03 00:00:00,43892.99,44101.12,41832.28,42454.0,50940.61021,2192152097.925188,1289320,24438.40113,1051969942.2112321,1646262000000
426,2022-03-04 00:00:00,42454.0,42527.3,38550.0,39148.66,61964.68498,2527001270.719469,1465066,29322.62323,1196441375.2961826,1646348400000
427,2022-03-05 00:00:00,39148.65,39613.24,38407.59,39397.96,30363.13341,1187689935.0879934,879727,14846.61434,580820200.9425652,1646434800000
428,2022-03-06 00:00:00,39397.97,39693.87,38088.57,38420.81,39677.26158,1542258009.6292188,986352,19055.16367,740741244.8965172,1646521200000
429,2022-03-07 00:00:00,38420.8,39547.57,37155.0,37988.0,63994.11559,2449362161.7015386,1456041,31641.49735,1211103666.7671783,1646607600000
430,2022-03-08 00:00:00,37988.01,39362.08,37867.65,38730.63,55583.06638,2149652714.8043456,1271128,27964.07361,1081516303.5940902,1646694000000
431,2022-03-09 00:00:00,38730.63,42594.06,38656.45,41941.71,67392.58799,2797240840.960747,1570230,34598.34753,1435303843.9873853,1646780400000
432,2022-03-10 00:00:00,41941.7,42039.63,38539.73,39422.0,71962.93154,2854310740.8076735,1512655,33804.27456,1340241708.0012028,1646866800000
433,2022-03-11 00:00:00,39422.01,40236.26,38223.6,38729.57,59018.7642,2305825015.6010857,1252571,29148.02045,1139093538.3524642,1646953200000
434,2022-03-12 00:00:00,38729.57,39486.71,38660.52,38807.36,24034.36432,939663387.3149893,671733,11869.94851,464113572.6085631,1647039600000
435,2022-03-13 00:00:00,38807.35,39310.0,37578.51,37777.34,32791.82359,1268441605.1866875,841844,15150.32067,586406176.6009938,1647126000000
436,2022-03-14 00:00:00,37777.35,39947.12,37555.0,39671.37,46945.45375,1821922588.4472065,1114899,24146.76237,937313460.6262863,1647212400000
437,2022-03-15 00:00:00,39671.37,39887.61,38098.33,39280.33,46015.54926,1796571984.458497,1060517,22657.90532,885084067.9857315,1647298800000
438,2022-03-16 00:00:00,39280.33,41718.0,38828.48,41114.0,88120.76167,3552563766.3655386,2051837,44119.65664,1779529342.3189175,1647385200000
439,2022-03-17 00:00:00,41114.01,41478.82,40500.0,40917.9,37189.38087,1521083189.7108624,935784,18580.98075,760015585.8029839,1647471600000
440,2022-03-18 00:00:00,40917.89,42325.02,40135.04,41757.51,45408.00969,1862337033.4847212,1065054,22374.92757,918115615.0464845,1647558000000
441,2022-03-19 00:00:00,41757.51,42400.0,41499.29,42201.13,29067.18108,1216709156.4428053,801197,14463.06148,605480703.8859774,1647644400000
442,2022-03-20 00:00:00,42201.13,42296.26,40911.0,41262.11,30653.33468,1273880705.2502496,799695,14636.72662,608328201.7906688,1647730800000
443,2022-03-21 00:00:00,41262.11,41544.22,40467.94,41002.25,39426.24877,1618789548.0684214,947206,19079.42652,783366152.1200151,1647817200000
444,2022-03-22 00:00:00,41002.26,43361.0,40875.51,42364.13,59454.94294,2525975507.8012,1367343,30215.54785,1283334795.3252618,1647903600000
445,2022-03-23 00:00:00,42364.13,43025.96,41751.47,42882.76,40828.87039,1725787170.5823965,916671,20211.34116,854479820.5334152,1647990000000
446,2022-03-24 00:00:00,42882.76,44220.89,42560.46,43991.46,56195.12374,2436258223.6223383,1202541,27963.10189,1212354441.1395836,1648076400000
447,2022-03-25 00:00:00,43991.46,45094.14,43579.0,44313.16,54614.43648,2421153187.6604123,1141588,27819.34765,1233475690.3636422,1648162800000
448,2022-03-26 00:00:00,44313.16,44792.99,44071.97,44511.27,23041.61741,1022802857.60941,693647,11422.59021,507079959.2099111,1648249200000
449,2022-03-27 00:00:00,44511.27,46999.0,44421.46,46827.76,41874.91071,1907019662.3441498,1135096,21674.84642,987241345.646293,1648335600000
450,2022-03-28 00:00:00,46827.76,48189.84,46663.56,47122.21,58949.2614,2789898402.616576,1498975,29097.75719,1377280753.9727275,1648418400000
451,2022-03-29 00:00:00,47122.21,48096.47,46950.85,47434.8,36772.28457,1748600385.4502351,1095678,18192.3742,865179145.1756456,1648504800000
452,2022-03-30 00:00:00,47434.79,47700.22,46445.42,47067.99,40947.2085,1932152559.8831122,1081607,20896.43399,985946938.5682786,1648591200000
453,2022-03-31 00:00:00,47067.99,47600.0,45200.0,45510.34,48645.12667,2262485160.568584,1290541,22879.47328,1064278670.6426109,1648677600000
454,2022-04-01 00:00:00,45510.35,46720.09,44200.0,46283.49,56271.06474,2556532890.870311,1372216,28041.37621,1274359931.8405368,1648764000000
455,2022-04-02 00:00:00,46283.49,47213.0,45620.0,45811.0,37073.53582,1721690754.4393935,1056716,18562.93079,862197811.5688924,1648850400000
456,2022-04-03 00:00:00,45810.99,47444.11,45530.92,46407.35,33394.67794,1550999693.0508049,966563,16740.18067,777615974.8155177,1648936800000
457,2022-04-04 00:00:00,46407.36,46890.71,45118.0,46580.51,44641.87514,2053434523.8685389,1171998,21913.04154,1008164276.0490184,1649023200000
458,2022-04-05 00:00:00,46580.5,47200.0,45353.81,45497.55,42192.74852,1951668192.9295099,1046080,20607.57735,953494654.4599284,1649109600000
459,2022-04-06 00:00:00,45497.54,45507.14,43121.0,43170.47,60849.32936,2700644700.890392,1471912,29467.28381,1307725131.1946254,1649196000000
460,2022-04-07 00:00:00,43170.47,43900.99,42727.35,43444.19,37396.54156,1623879486.6600313,999816,18567.25999,806358703.2156662,1649282400000
461,2022-04-08 00:00:00,43444.2,43970.62,42107.14,42252.01,42375.04203,1830699971.6113117,1108136,20530.56354,887196762.4943209,1649368800000
462,2022-04-09 00:00:00,42252.02,42800.0,42125.48,42753.97,17891.66047,759274586.6137776,640230,8910.47179,378158044.3039713,1649455200000
463,2022-04-10 00:00:00,42753.96,43410.3,41868.0,42158.85,22771.09403,971459737.5009404,678983,10952.24952,467438845.4221835,1649541600000
464,2022-04-11 00:00:00,42158.85,42414.71,39200.0,39530.45,63560.44721,2602039073.0150447,1385924,30543.05561,1251713135.5000079,1649628000000
465,2022-04-12 00:00:00,39530.45,40699.0,39254.63,40074.94,57751.01778,2309514071.593873,1153667,28344.99788,1133659106.655711,1649714400000
466,2022-04-13 00:00:00,40074.95,41561.31,39588.54,41147.79,41342.27254,1677171454.091079,948061,20522.54699,832653378.5114936,1649800800000
467,2022-04-14 00:00:00,41147.78,41500.0,39551.94,39942.38,36807.01401,1494726286.0180101,803756,17787.82129,722216571.859389,1649887200000
468,2022-04-15 00:00:00,39942.37,40870.36,39766.4,40551.9,24026.35739,966888436.8162509,616536,11755.54439,473100437.4733753,1649973600000
469,2022-04-16 00:00:00,40551.9,40709.35,39991.55,40378.71,15805.44718,638275503.9141085,423446,7642.38243,308642382.8796384,1650060000000
470,2022-04-17 00:00:00,40378.7,40595.67,39546.17,39678.12,19988.49259,803414248.9836985,590241,9578.91533,385124871.4665126,1650146400000
471,2022-04-18 00:00:00,39678.11,41116.73,38536.51,40801.13,54243.49575,2153574975.9131336,1157741,27097.19375,1076513006.7058175,1650232800000
472,2022-04-19 00:00:00,40801.13,41760.0,40571.0,41493.18,35788.85843,1472363265.3621879,934526,17806.81506,732539241.889679,1650319200000
473,2022-04-20 00:00:00,41493.19,42199.0,40820.0,41358.19,40877.35041,1697039284.0853007,1063843,20007.29623,830754792.6236624,1650405600000
474,2022-04-21 00:00:00,41358.19,42976.0,39751.0,40480.01,59316.27657,2476061417.8872576,1515456,29413.89548,1228429890.9573543,1650492000000
475,2022-04-22 00:00:00,40480.01,40795.06,39177.0,39709.18,46664.0196,1870172362.40225,1043471,23248.71242,931654706.5531975,1650578400000
476,2022-04-23 00:00:00,39709.19,39980.0,39285.0,39441.6,20291.42375,804677022.9078971,724132,10217.20484,405193110.9436816,1650664800000
477,2022-04-24 00:00:00,39441.61,39940.0,38929.62,39450.13,26703.61186,1056336243.0198609,868183,12639.70229,500129939.0779573,1650751200000
478,2022-04-25 00:00:00,39450.12,40616.0,38200.0,40426.08,63037.12784,2470071005.2401423,1280351,31958.39557,1252785476.6028605,1650837600000
479,2022-04-26 00:00:00,40426.08,40797.31,37702.26,38112.65,66650.258,2615206861.8349133,1381618,31936.9422,1253685872.4445755,1650924000000
480,2022-04-27 00:00:00,38112.64,39474.72,37881.31,39235.72,57083.12272,2218523642.426387,1232083,28942.08915,1124748467.7003632,1651010400000
481,2022-04-28 00:00:00,39235.72,40372.63,38881.43,39742.07,56086.6715,2223808385.8063755,1135242,28519.46629,1130865428.7936184,1651096800000
482,2022-04-29 00:00:00,39742.06,39925.25,38175.0,38596.11,51453.65715,2006135662.8559992,1101140,24773.60543,966125835.4961329,1651183200000
483,2022-04-30 00:00:00,38596.11,38795.38,37578.2,37630.8,35321.18989,1354900532.1335113,1017369,16523.43017,634076437.1873089,1651269600000
484,2022-05-01 00:00:00,37630.8,38675.0,37386.38,38468.35,38812.24104,1478259271.913873,1021157,19551.11747,744825800.8143975,1651356000000
485,2022-05-02 00:00:00,38468.35,39167.34,38052.0,38525.16,53200.92628,2058450718.2963233,1053893,27276.29561,1055369693.1339271,1651442400000
486,2022-05-03 00:00:00,38525.16,38651.51,37517.8,37728.95,40316.45358,1539320434.2647235,1005131,20002.76343,764016892.6745052,1651528800000
487,2022-05-04 00:00:00,37728.95,40023.77,37670.0,39690.0,62574.61736,2438553987.4535437,1238847,32968.16942,1284541284.6021378,1651615200000
488,2022-05-05 00:00:00,39690.0,39845.51,35571.9,36552.97,88722.43355,3329684235.9639516,1979692,41786.44096,1568954443.5851629,1651701600000
489,2022-05-06 00:00:00,36552.97,36675.63,35258.0,36013.77,68437.80187,2466507512.182029,1214518,34536.42346,1245062436.8376348,1651788000000
490,2022-05-07 00:00:00,36013.77,36146.3,34785.0,35472.39,34281.70682,1222539413.6400983,746488,15385.18829,548855038.2356379,1651874400000
491,2022-05-08 00:00:00,35472.4,35514.22,33713.95,34038.4,72445.64344,2498365159.9945807,1301451,32350.03935,1115547715.9145274,1651960800000
492,2022-05-09 00:00:00,34038.39,34243.15,30033.33,30076.31,191876.926428,6166367111.275724,2564538,86538.962569,2781053306.4725456,1652047200000
493,2022-05-10 00:00:00,30074.23,32658.99,29730.4,31017.1,165532.00311,5179856929.47993,2470325,73691.196106,2307177624.541944,1652133600000
494,2022-05-11 00:00:00,31017.11,32162.59,27785.0,29103.94,207063.739278,6300295994.553139,3559270,99622.117475,3036296142.0982084,1652220000000
495,2022-05-12 00:00:00,29103.94,30243.0,26700.0,29029.75,204507.263138,5795451310.945579,3951233,101465.278257,2877462252.2122283,1652306400000
496,2022-05-13 00:00:00,29029.74,31083.37,28751.67,29287.05,97872.36957,2956855804.856112,2051900,48827.72764,1475641181.96275,1652392800000
497,2022-05-14 00:00:00,29287.05,30343.27,28630.0,30086.74,51095.87863,1501483453.5008905,1204626,25908.17135,761545954.1904565,1652479200000
498,2022-05-15 00:00:00,30086.74,31460.0,29480.0,31328.89,46275.66912,1401499926.2304175,1016769,24163.362,732332763.6094486,1652565600000
499,2022-05-16 00:00:00,31328.89,31328.9,29087.04,29874.01,73082.19658,2185567735.682062,1561954,36284.05379,1085179422.7219367,1652652000000
500,2022-05-17 00:00:00,29874.01,30788.37,29450.38,30444.93,56724.13307,1715109131.0802064,1175382,28600.36238,865031716.5404288,1652738400000
501,2022-05-18 00:00:00,30444.93,30709.99,28654.47,28715.32,59749.15799,1762843836.1269379,1379212,29501.76769,870623227.207057,1652824800000
502,2022-05-19 00:00:00,28715.33,30545.18,28691.38,30319.23,67877.36415,2014360135.7852721,1860780,35339.65787,1049163442.9020371,1652911200000
503,2022-05-20 00:00:00,30319.22,30777.33,28730.0,29201.01,60517.25325,1800589029.270878,1694004,30890.40127,919467696.618159,1652997600000
504,2022-05-21 00:00:00,29201.01,29656.18,28947.28,29445.06,20987.13124,616194663.9792111,643486,10558.92886,310046148.8025876,1653084000000
505,2022-05-22 00:00:00,29445.07,30487.99,29255.11,30293.94,36158.98748,1082530816.01625,862880,18538.10071,555044195.7973803,1653170400000
506,2022-05-23 00:00:00,30293.93,30670.51,28866.35,29109.15,63901.49932,1914305818.0745187,1328317,30476.66811,913813980.9533184,1653256800000
507,2022-05-24 00:00:00,29109.14,29845.86,28669.0,29654.58,59442.96036,1740257602.3067698,946421,29480.07674,863516681.5129281,1653343200000
508,2022-05-25 00:00:00,29654.58,30223.74,29294.21,29542.15,59537.38659,1771708175.0718913,985440,28846.96589,858587338.503838,1653429600000
509,2022-05-26 00:00:00,29542.14,29886.64,28019.56,29201.35,94581.65463,2759055410.397752,1431112,45206.85416,1319426335.716236,1653516000000
510,2022-05-27 00:00:00,29201.35,29397.66,28282.9,28629.8,90998.5201,2626515958.50349,1321406,43590.05398,1258912486.7048602,1653602400000
511,2022-05-28 00:00:00,28629.81,29266.0,28450.0,29031.33,34479.35127,994674257.5679231,684423,17561.21465,506633343.6800464,1653688800000
512,2022-05-29 00:00:00,29031.33,29587.78,28839.21,29468.1,27567.34764,804777532.6497605,635311,13735.42581,401056725.5655391,1653775200000
513,2022-05-30 00:00:00,29468.1,32222.0,29299.62,31734.22,96785.9476,2980527582.4674954,1380410,45024.45633,1384940691.9669578,1653861600000
514,2022-05-31 00:00:00,31734.23,32399.0,31200.01,31801.04,62433.11632,1981259117.0115466,1161340,30046.95511,953574564.3261106,1653948000000
515,2022-06-01 00:00:00,31801.05,31982.97,29301.0,29805.83,103395.63382,3171191028.249736,1404611,47614.81205,1460767260.6962943,1654034400000
516,2022-06-02 00:00:00,29805.84,30689.0,29594.55,30452.62,56961.42928,1711652906.191896,1086183,28555.06607,858193492.4047692,1654120800000
517,2022-06-03 00:00:00,30452.63,30699.0,29282.36,29700.21,54067.44727,1615616950.714381,993769,26583.25141,794354787.342094,1654207200000
518,2022-06-04 00:00:00,29700.21,29988.88,29485.0,29864.04,25617.90113,760874329.4663156,618037,12971.7246,385358236.9157799,1654293600000
519,2022-06-05 00:00:00,29864.03,30189.0,29531.42,29919.21,23139.9281,691201528.1600258,604680,11753.51303,351150600.7844381,1654380000000
520,2022-06-06 00:00:00,29919.2,31765.64,29890.23,31373.1,68836.92456,2149499896.9349375,1124745,34225.53913,1068381827.9889435,1654466400000
521,2022-06-07 00:00:00,31373.1,31589.6,29218.96,31125.33,110674.51658,3347397952.7305903,1743957,54831.53114,1661147413.2582464,1654552800000
522,2022-06-08 00:00:00,31125.32,31327.22,29843.88,30204.77,68542.61276,2087270428.3470392,1236327,32668.41005,995180478.2745385,1654639200000
523,2022-06-09 00:00:00,30204.77,30700.0,29944.1,30109.93,46291.1865,1399839073.774508,841562,23082.29251,697948605.9884633,1654725600000
524,2022-06-10 00:00:00,30109.93,30382.8,28850.0,29091.88,76204.2498,2255866294.494887,1258608,35502.20972,1050877735.8447756,1654812000000
525,2022-06-11 00:00:00,29091.87,29440.41,28099.99,28424.7,65901.39895,1892007188.0756001,1084163,31848.3308,914365117.8340094,1654898400000
526,2022-06-12 00:00:00,28424.71,28544.96,26560.0,26574.53,92474.598809,2551767136.329585,1451271,43538.78641,1201389150.8900456,1654984800000
527,2022-06-13 00:00:00,26574.53,26895.84,21925.77,22487.41,254611.034966,6192246037.404874,3261484,121398.556133,2953984191.5180387,1655071200000
528,2022-06-14 00:00:00,22485.27,23362.88,20846.0,22136.41,187201.64671,4136108699.025428,2583151,92764.742864,2051107738.6303785,1655157600000
529,2022-06-15 00:00:00,22136.42,22800.0,20111.62,22583.72,200774.493467,4249276481.256697,2847831,98340.102217,2083014439.1952906,1655244000000
530,2022-06-16 00:00:00,22583.72,22995.73,20232.0,20401.31,99673.59429,2130037160.0626109,1690477,48048.86237,1027305936.8191556,1655330400000
531,2022-06-17 00:00:00,20400.6,21365.43,20246.66,20468.81,86694.33663,1796575392.5507207,1352992,43066.94445,892584106.6574169,1655416800000
532,2022-06-18 00:00:00,20468.81,20792.06,17622.0,18970.79,196441.655524,3726639821.696151,2467372,96560.044649,1833514054.8893414,1655503200000
533,2022-06-19 00:00:00,18970.79,20815.95,17960.41,20574.0,128320.87595,2487561781.535987,1950660,65871.82216,1277952917.4081194,1655589600000
534,2022-06-20 00:00:00,20574.0,21090.0,19637.03,20573.89,109028.94154,2220396381.7426524,1639448,54047.82476,1100883996.5003533,1655676000000
535,2022-06-21 00:00:00,20573.9,21723.0,20348.4,20723.52,104371.0749,2198596137.343284,1515321,52193.33566,1099446297.122863,1655762400000
536,2022-06-22 00:00:00,20723.51,20900.0,19770.51,19987.99,92133.97938,1872204589.2375817,1394981,44907.30453,912710764.7302253,1655848800000
537,2022-06-23 00:00:00,19988.0,21233.0,19890.07,21110.13,83127.08716,1710694866.4572449,1207858,42716.83721,879244263.2830158,1655935200000
538,2022-06-24 00:00:00,21110.12,21558.41,20736.72,21237.69,77430.36622,1635129191.170251,1309709,38582.36962,815027131.3205568,1656021600000
539,2022-06-25 00:00:00,21237.68,21614.5,20906.62,21491.19,51431.67794,1093873137.974752,874540,25240.18142,536863288.4627487,1656108000000
540,2022-06-26 00:00:00,21491.18,21888.0,20964.73,21038.07,53278.10464,1139258367.162915,885306,26051.16372,557192553.7220398,1656194400000
541,2022-06-27 00:00:00,21038.08,21539.85,20510.0,20742.56,64475.0013,1354369225.8404648,1002214,31992.4604,672191483.8106796,1656280800000
542,2022-06-28 00:00:00,20742.57,21212.1,20202.01,20281.29,63801.0832,1321862977.9315486,1064497,30490.78532,631852171.7596262,1656367200000
543,2022-06-29 00:00:00,20281.28,20432.31,19854.92,20123.01,77309.04379,1556549790.008924,1210636,37814.12159,761473366.3908588,1656453600000
544,2022-06-30 00:00:00,20123.0,20179.08,18626.0,19942.21,93846.64806,1808994369.0314438,1438163,45447.98482,876020577.3495957,1656540000000
545,2022-07-01 00:00:00,19942.21,20918.35,18975.0,19279.8,111844.59494,2197016369.9695287,1668363,56417.61783,1108492421.9565263,1656626400000
546,2022-07-02 00:00:00,19279.8,19467.39,18977.01,19252.81,46180.3021,888415536.8730664,833508,23693.90779,455851305.3763755,1656712800000
547,2022-07-03 00:00:00,19252.82,19647.63,18781.0,19315.83,51087.46631,980255891.3952553,880786,25361.96292,486752875.4369991,1656799200000
548,2022-07-04 00:00:00,19315.83,20354.01,19055.31,20236.71,74814.04601,1470987695.521582,1282843,38543.72441,758241531.9880207,1656885600000
549,2022-07-05 00:00:00,20236.71,20750.0,19304.4,20175.83,96041.13756,1919950110.1674304,1612273,48358.47507,967109793.3844756,1656972000000
550,2022-07-06 00:00:00,20175.84,20675.22,19761.25,20564.51,82439.5808,1665481948.0096319,1472221,41580.73433,840150579.642686,1657058400000
551,2022-07-07 00:00:00,20564.51,21838.1,20251.68,21624.98,85014.58261,1783224085.7236798,1653722,42731.5372,896703207.2104565,1657144800000
552,2022-07-08 00:00:00,21624.99,22527.37,21189.26,21594.75,403081.57349,8781330156.61243,4358216,201798.10144,4396546053.031909,1657231200000
553,2022-07-09 00:00:00,21594.75,21980.0,21322.12,21591.83,178417.84468,3857190523.4942718,3524386,89418.01811,1933132016.304726,1657317600000
554,2022-07-10 00:00:00,21592.15,21607.65,20655.0,20862.47,192188.21556,4062794310.272034,3434401,95376.75351,2016291891.3743694,1657404000000
555,2022-07-11 00:00:00,20861.11,20868.48,19875.23,19963.61,137535.40724,2813718031.1093426,3232941,66869.47065,1368289522.9848232,1657490400000
556,2022-07-12 00:00:00,19963.61,20059.42,19240.0,19328.75,139506.45862,2754215439.3324776,3626399,67681.11612,1336338002.7004988,1657576800000
557,2022-07-13 00:00:00,19331.28,20366.61,18910.94,20234.87,209250.24888,4096306063.801935,4789109,103667.13511,2029863027.178718,1657663200000
558,2022-07-14 00:00:00,20234.87,20900.0,19616.07,20588.84,174809.21696,3526210098.285044,4576355,87993.05801,1775442258.4092436,1657749600000
559,2022-07-15 00:00:00,20588.84,21200.0,20382.29,20830.04,143343.3049,2984339734.3532705,4411375,71354.9491,1485929119.4276447,1657836000000
560,2022-07-16 00:00:00,20830.04,21588.94,20478.61,21195.6,121011.67393,2539616922.7986083,3723401,61225.46264,1285100231.9557881,1657922400000
561,2022-07-17 00:00:00,21195.6,21684.54,20750.01,20798.16,118229.4525,2511251392.5765257,4261057,59550.95291,1265042502.4618275,1658008800000
562,2022-07-18 00:00:00,20799.58,22777.63,20762.45,22432.58,239942.73132,5263396811.539256,6564387,122398.31862,2685273104.2955766,1658095200000
563,2022-07-19 00:00:00,22432.58,23800.0,21579.54,23396.62,263770.76574,5954419902.221928,6488375,132874.43405,2999605957.303951,1658181600000
564,2022-07-20 00:00:00,23398.48,24276.74,22906.19,23223.3,238762.17094,5631801151.220376,6364038,119820.55352,2826789486.1693096,1658268000000
565,2022-07-21 00:00:00,23223.3,23442.77,22341.46,23152.19,184817.68191,4232411759.3950253,4808194,92958.794,2128895623.659983,1658354400000
566,2022-07-22 00:00:00,23152.19,23756.49,22500.0,22684.83,171598.43966,3981394766.228058,4745582,85026.96828,1973166657.8835506,1658440800000
567,2022-07-23 00:00:00,22684.83,23000.77,21934.57,22451.07,122137.77375,2745262660.6777816,3762227,61569.86415,1383868861.284547,1658527200000
568,2022-07-24 00:00:00,22448.58,23014.64,22257.15,22579.68,115189.67277,2610817967.1639385,3671238,58086.99433,1316724597.4433148,1658613600000
569,2022-07-25 00:00:00,22577.13,22666.0,21250.0,21310.9,180344.76643,3954002948.5472584,4807238,88021.9456,1930051719.2731922,1658700000000
570,2022-07-26 00:00:00,21310.9,21347.82,20706.5,21254.67,177817.24326,3738774849.3577113,4545385,87353.4604,1836821500.4933043,1658786400000
571,2022-07-27 00:00:00,21254.67,23112.63,21042.53,22952.45,210971.19796,4614909656.6957855,5475738,106519.12743,2330764840.6468673,1658872800000
572,2022-07-28 00:00:00,22954.31,24199.72,22582.13,23842.93,236029.0741,5511388547.615389,6500034,118170.70945,2759524239.0245447,1658959200000
573,2022-07-29 00:00:00,23845.25,24442.66,23414.03,23773.75,198298.50623,4733780641.305037,6221401,100165.6085,2391310897.487863,1659045600000
574,2022-07-30 00:00:00,23777.28,24668.0,23502.25,23643.51,151060.13211,3634601094.96542,4801528,75778.59282,1823456271.8759687,1659132000000
575,2022-07-31 00:00:00,23644.64,24194.82,23227.31,23293.32,127743.32483,3028386330.644831,4463721,63737.43859,1511326027.2234035,1659218400000
576,2022-08-01 00:00:00,23296.36,23509.68,22850.0,23268.01,144210.16219,3346371889.652122,4775213,71458.39583,1658446268.2253966,1659304800000
577,2022-08-02 00:00:00,23266.9,23459.89,22654.37,22987.79,158073.28225,3631020649.2263794,5066511,78122.08501,1794828205.6239038,1659391200000
578,2022-08-03 00:00:00,22985.93,23647.68,22681.22,22818.37,145948.80995,3385430753.8050184,4887642,72355.55623,1678928892.7538445,1659477600000
579,2022-08-04 00:00:00,22816.91,23223.32,22400.0,22622.98,154854.67016,3537434334.434649,4966138,76123.82073,1739248152.8679466,1659564000000
580,2022-08-05 00:00:00,22622.41,23472.86,22586.95,23312.42,175251.69749,4046435951.354509,5340569,88240.55478,2037539950.6820638,1659650400000
581,2022-08-06 00:00:00,23313.56,23354.36,22909.52,22954.21,83911.80307,1944693656.7065682,3360228,41438.9761,960462308.0530334,1659736800000
582,2022-08-07 00:00:00,22954.21,23402.0,22844.62,23174.39,88890.00877,2051763044.552369,3646643,44744.90366,1032885708.1753823,1659823200000
583,2022-08-08 00:00:00,23174.39,24245.0,23154.25,23810.0,170958.44152,4078052110.543128,5892045,85942.29725,2050118384.21205,1659909600000
584,2022-08-09 00:00:00,23810.98,23933.25,22865.0,23149.95,143182.50858,3347110918.907211,5105613,70598.77953,1650310502.5693648,1659996000000
585,2022-08-10 00:00:00,23151.32,24226.0,22664.69,23954.05,208916.54953,4918825599.489632,6818207,105046.91327,2473680340.3238072,1660082400000
586,2022-08-11 00:00:00,23954.05,24918.54,23852.13,23934.39,249759.79557,6097813762.895935,8269994,125001.90721,3051727583.877025,1660168800000
587,2022-08-12 00:00:00,23933.09,24456.5,23583.0,24403.68,174207.5704,4175834601.8605466,6134163,87283.3227,2092464530.2271757,1660255200000
588,2022-08-13 00:00:00,24401.7,24888.0,24291.22,24441.38,152852.25435,3751417148.252107,5617859,76352.504,1873989924.2022443,1660341600000
589,2022-08-14 00:00:00,24443.06,25047.56,24144.0,24305.24,151206.14473,3708565144.8980093,5473905,75296.97372,1847145729.8789523,1660428000000
590,2022-08-15 00:00:00,24305.25,25211.32,23773.22,24094.82,242539.54758,5894066098.523285,7488466,120284.46467,2923411975.7084756,1660514400000
591,2022-08-16 00:00:00,24093.04,24247.49,23671.22,23854.74,179324.94821,4294907691.6509495,5978567,89812.55435,2151240576.2261777,1660600800000
592,2022-08-17 00:00:00,23856.15,24446.71,23180.4,23342.66,210668.68766,4993659434.236888,6901586,105158.87989,2493209361.502229,1660687200000
593,2022-08-18 00:00:00,23342.66,23600.0,23111.04,23191.2,144185.97011,3375338942.2617874,6029662,71864.05086,1682458592.207561,1660773600000
594,2022-08-19 00:00:00,23191.45,23208.67,20783.57,20834.39,283995.87747,6181759252.730264,8860928,139601.81043,3038568050.675256,1660860000000
595,2022-08-20 00:00:00,20834.39,21382.85,20761.9,21140.07,183041.68363,3871242921.2246804,5723362,91862.59461,1943014391.246253,1660946400000
596,2022-08-21 00:00:00,21140.07,21800.0,21069.11,21515.61,159200.6841,3405034922.807078,5034461,80239.2419,1716250543.035858,1661032800000
597,2022-08-22 00:00:00,21516.7,21548.71,20890.18,21399.83,222222.04526,4721412016.903412,6443370,110925.72751,2356921868.623943,1661119200000
598,2022-08-23 00:00:00,21400.75,21684.87,20890.14,21529.12,200967.77164,4299812533.944709,6333442,101222.30098,2165911837.12369,1661205600000
599,2022-08-24 00:00:00,21529.11,21900.0,21145.0,21368.08,174383.22046,3744196823.564854,5561412,86499.84759,1857345193.8069582,1661292000000
600,2022-08-25 00:00:00,21368.05,21819.88,21310.15,21580.0,140776.00839,3043152137.8810086,4609617,69846.31712,1509881870.4413319,1661378400000
