city_name,date,pm2_5,pm_2_5_previous_1_day,pm_2_5_previous_2_day,pm_2_5_previous_3_day,pm_2_5_previous_4_day,pm_2_5_previous_5_day,pm_2_5_previous_6_day,pm_2_5_previous_7_day,mean_7_days,mean_14_days,mean_28_days,std_7_days,exp_mean_7_days,exp_std_7_days,std_14_days,exp_mean_14_days,exp_std_14_days,std_28_days,exp_mean_28_days,exp_std_28_days,year,day_of_month,month,day_of_week,is_weekend,sin_day_of_year,cos_day_of_year,sin_day_of_week,cos_day_of_week,temperature_max,temperature_min,precipitation_sum,rain_sum,snowfall_sum,precipitation_hours,wind_speed_max,wind_gusts_max,wind_direction_dominant
Albuquerque,2023-03-20,11.5,11.8,9.8,6.0,1.7,5.9,8.0,9.1,7.471428571428572,7.071428571428571,7.557142857142857,3.2922708908969844,7.973722469934364,3.5048036669856333,2.719566869198835,7.434365849207046,3.082342812855698,2.837112325800011,7.370952498371643,2.8603922553020684,2023,20,3,0,0,0.9778483415056568,0.20931464596304847,0.0,1.0,10.6,2.6,1.4,1.4,0.0,4.0,19.1,38.2,185
Wien,2023-03-20,16.0,16.0,10.0,9.0,8.0,4.0,6.0,8.0,8.714285714285714,8.571428571428571,11.642857142857142,3.7733400639347634,10.124417977702292,4.762224907205842,4.0896545973070575,10.016256274600764,6.035233643398582,8.376396669452872,10.733846547696176,7.277323551542246,2023,20,3,0,0,0.9778483415056568,0.20931464596304847,0.0,1.0,17.4,6.3,0.1,0.1,0.0,1.0,15.3,35.3,283
Varna,2023-03-20,16.7,14.0,10.1,5.7,13.4,12.8,7.8,7.8,10.228571428571428,10.742857142857144,10.842857142857143,3.2458765050005054,10.818963491556204,3.462870764618583,3.27031268458309,10.818984258579281,3.6452165482723795,3.924701316441854,10.9313386319961,3.8173542762261676,2023,20,3,0,0,0.9778483415056568,0.20931464596304847,0.0,1.0,9.8,2.5,0.0,0.0,0.0,0.0,13.5,31.0,133
Albuquerque,2023-03-21,7.3,11.5,11.8,9.8,6.0,1.7,5.9,8.0,7.814285714285715,7.342857142857143,7.507142857142857,3.6006613149200675,8.85550181244818,3.45434293958102,2.9656272616337094,7.985133590562046,3.2094433599409835,2.7504785538397267,7.696727751475401,2.9712127988831116,2023,21,3,1,0,0.9813064702716093,0.19245158197082995,0.7818314824680297,0.6234898018587336,9.9,4.4,3.8,3.8,0.0,6.0,14.6,22.0,139
Wien,2023-03-21,8.0,16.0,16.0,10.0,9.0,8.0,4.0,6.0,9.857142857142858,8.928571428571429,12.071428571428571,4.634241089562611,11.593663324483387,4.955893115271648,4.51432396701,10.826868566373873,6.00038773556041,8.277271743348015,11.149337644161147,7.130817234440845,2023,21,3,1,0,0.9813064702716093,0.19245158197082995,0.7818314824680297,0.6234898018587336,16.5,9.1,0.0,0.0,0.0,0.0,12.0,29.2,288
Varna,2023-03-21,12.4,16.7,14.0,10.1,5.7,13.4,12.8,7.8,11.5,11.028571428571427,11.146428571428572,3.8270963754087357,12.28957278464233,4.069431405059504,3.6113983167462713,11.615680084283065,3.981974289421858,4.0397544977530995,11.386476800421196,3.9931284442667008,2023,21,3,1,0,0.9813064702716093,0.19245158197082995,0.7818314824680297,0.6234898018587336,10.2,6.3,1.3,1.3,0.0,6.0,13.7,30.6,117
Varna,2023-03-22,7.7,12.4,16.7,14.0,10.1,5.7,13.4,12.8,12.157142857142858,10.792857142857143,11.346428571428572,3.4635517140921244,12.31718451944306,3.5244695909267,3.3835494075610297,11.721704743770205,3.712912428241227,3.954320856879653,11.465655687278565,3.8424622639169743,2023,22,3,2,0,0.9844738167520922,0.1755314904214282,0.9749279121818236,-0.22252093395631434,8.7,7.5,15.9,15.9,0.0,24.0,11.3,23.8,88
Albuquerque,2023-03-22,8.8,7.3,11.5,11.8,9.8,6.0,1.7,5.9,7.714285714285714,7.25,7.332142857142857,3.604362436191535,8.466556900740843,3.078641312387544,2.943506543092909,7.892516975598058,2.994052134756495,2.5921610563001174,7.66573441875218,2.853673770890762,2023,22,3,2,0,0.9844738167520922,0.1755314904214282,0.9749279121818236,-0.22252093395631434,20.9,1.9,0.0,0.0,0.0,0.0,35.9,64.8,208
Wien,2023-03-22,10.0,8.0,16.0,16.0,10.0,9.0,8.0,4.0,10.142857142857142,8.428571428571429,12.214285714285714,4.413183712037202,10.695087023728574,4.6092003801420836,4.1642117310073665,10.444731416521288,5.66880677801141,8.166585681490258,10.903303760470752,6.898174375940305,2023,22,3,2,0,0.9844738167520922,0.1755314904214282,0.9749279121818236,-0.22252093395631434,20.0,9.2,0.0,0.0,0.0,0.0,12.6,28.4,176
Albuquerque,2023-03-23,2.6,8.8,7.3,11.5,11.8,9.8,6.0,1.7,8.128571428571428,7.378571428571428,7.521428571428572,3.526903403702407,8.549928842107295,2.67066018882467,2.970930590139825,8.014964704245838,2.8029012704669194,2.493600274310686,7.753541947715747,2.7574318341581527,2023,23,3,3,0,0.9873494423939864,0.15855938510313475,0.43388373911755823,-0.900968867902419,19.8,5.6,0.3,0.3,0.0,1.0,36.7,74.9,262
Varna,2023-03-23,14.1,7.7,12.4,16.7,14.0,10.1,5.7,13.4,11.428571428571429,10.35,11.260714285714284,3.8234863173611116,11.16273376641094,3.7389681557311727,3.3511766016407756,11.179051495252203,3.7361823419004754,4.007986405472831,11.174142900243465,3.8302689560905447,2023,23,3,3,0,0.9873494423939864,0.15855938510313475,0.43388373911755823,-0.900968867902419,10.9,6.1,0.7,0.7,0.0,5.0,7.9,16.9,163
Wien,2023-03-23,15.0,10.0,8.0,16.0,16.0,10.0,9.0,8.0,11.0,8.214285714285714,12.285714285714286,3.511884584284244,10.521291990286182,4.004784612846553,3.98417198092984,10.384723294774625,5.274107246279713,8.137053533782373,10.83337580671659,6.6278471003784,2023,23,3,3,0,0.9873494423939864,0.15855938510313475,0.43388373911755823,-0.900968867902419,20.9,6.0,0.0,0.0,0.0,0.0,11.1,27.7,180
Albuquerque,2023-03-24,7.6,2.6,8.8,7.3,11.5,11.8,9.8,6.0,8.257142857142858,7.142857142857143,7.467857142857143,3.2597838081980957,7.062297195372979,3.618559128181864,3.217910044570086,7.285482864843505,3.2377429049802275,2.584290657232309,7.357930096923036,2.997218794769916,2023,24,3,4,0,0.989932495087353,0.141540295217043,-0.433883739117558,-0.9009688679024191,12.7,-1.8,0.0,0.0,0.0,0.0,23.6,33.5,44
Wien,2023-03-24,17.0,15.0,10.0,8.0,16.0,16.0,10.0,9.0,12.0,8.928571428571429,12.142857142857142,3.5118845842842448,11.641081478285003,4.051727610079757,4.251050290390435,11.006474446289738,5.171187912671579,8.049450341088564,11.153226877181469,6.466409438900884,2023,24,3,4,0,0.989932495087353,0.141540295217043,-0.433883739117558,-0.9009688679024191,19.1,11.1,3.0,1.8,0.0,10.0,12.7,34.2,204
Varna,2023-03-24,20.3,14.1,7.7,12.4,16.7,14.0,10.1,5.7,11.528571428571428,10.435714285714285,11.549999999999999,3.8921777476173456,11.897124096098247,3.5173720890814275,3.4356965798817263,11.57254969965826,3.6260596787349866,3.9052196789349427,11.39874643585701,3.764269696153331,2023,24,3,4,0,0.989932495087353,0.141540295217043,-0.433883739117558,-0.9009688679024191,14.4,5.2,0.0,0.0,0.0,0.0,9.2,22.0,144
Albuquerque,2023-03-25,9.3,7.6,2.6,8.8,7.3,11.5,11.8,9.8,8.485714285714286,7.0,7.4071428571428575,3.1285931723532294,7.196733024833614,3.1437874398621806,3.1439808181055087,7.327794824455525,3.013830752953125,2.559503506748565,7.37636878958381,2.880629287409011,2023,25,3,5,1,0.9922222094179323,0.12447926388678915,-0.9749279121818235,-0.2225209339563146,9.7,-1.8,0.0,0.0,0.0,0.0,18.9,37.8,355
Varna,2023-03-25,13.5,20.3,14.1,7.7,12.4,16.7,14.0,10.1,13.614285714285714,11.200000000000001,12.017857142857142,4.151477075061589,13.998001350735962,4.972459510555627,4.31348511602322,12.746652739990944,4.57611408160159,4.142289005013797,12.076763308994149,4.348456795672408,2023,25,3,5,1,0.9922222094179323,0.12447926388678915,-0.9749279121818235,-0.2225209339563146,11.7,5.3,0.0,0.0,0.0,0.0,12.9,28.4,116
Wien,2023-03-25,56.0,17.0,15.0,10.0,8.0,16.0,16.0,10.0,13.142857142857142,9.642857142857142,12.107142857142858,3.670993118515815,12.980912050637038,4.312133772326357,4.7166993488299385,11.812782856278313,5.258248419743057,8.024680843840622,11.598581096349513,6.41238325333674,2023,25,3,5,1,0.9922222094179323,0.12447926388678915,-0.9749279121818235,-0.2225209339563146,15.5,8.5,1.4,1.4,0.0,3.0,24.1,52.6,280
Varna,2023-03-26,9.7,13.5,20.3,14.1,7.7,12.4,16.7,14.0,14.1,11.728571428571428,12.025,3.8604835621115345,13.873493977826431,4.3125170944671165,4.087961420002466,12.847879348965359,4.265539645434625,4.144753488626492,12.184397042287433,4.197220538558534,2023,26,3,6,1,0.994217906893952,0.10738134666416307,-0.7818314824680299,0.6234898018587334,15.7,8.0,0.8,0.4,0.0,4.0,26.0,53.6,288
Albuquerque,2023-03-26,11.9,9.3,7.6,2.6,8.8,7.3,11.5,11.8,8.414285714285715,7.378571428571428,7.378571428571429,3.0991550307724056,7.722579481310773,2.894841875522881,3.073253993715799,7.592798299904232,2.8894663048146563,2.5326544620888622,7.5218453712128595,2.817117360657396,2023,26,3,6,1,0.994217906893952,0.10738134666416307,-0.7818314824680299,0.6234898018587334,11.3,-1.4,0.1,0.1,0.0,1.0,21.8,43.2,354
Wien,2023-03-26,32.0,56.0,17.0,15.0,10.0,8.0,16.0,16.0,19.714285714285715,13.5,14.035714285714286,16.35761072319025,23.736291765217583,20.464513691724612,12.924336019249173,17.750180373887083,16.39500342316687,11.318559464869562,14.956483903605921,13.48855188224776,2023,26,3,6,1,0.994217906893952,0.10738134666416307,-0.7818314824680299,0.6234898018587334,16.2,8.7,0.2,0.2,0.0,1.0,23.2,52.2,265
Varna,2023-03-27,11.3,9.7,13.5,20.3,14.1,7.7,12.4,16.7,13.485714285714286,11.857142857142858,12.021428571428572,4.2057217261838975,12.830076265030952,4.214077643563053,3.98530266888694,12.42533923025603,4.1220670772124866,4.146784309054438,11.997755100016754,4.090487202108945,2023,27,3,0,0,0.995918996147179,0.09025161003104115,0.0,1.0,14.0,5.1,2.0,1.6,0.0,2.0,18.1,40.7,132
Albuquerque,2023-03-27,11.6,11.9,9.3,7.6,2.6,8.8,7.3,11.5,8.428571428571429,7.950000000000001,7.425,3.1175387117159628,8.766978870923813,3.178442580566908,3.120096152364539,8.170954358605043,3.0905314687393184,2.604785482032524,7.850757082815055,2.954038080703035,2023,27,3,0,0,0.995918996147179,0.09025161003104115,0.0,1.0,11.3,-0.8,0.0,0.0,0.0,0.0,25.3,43.9,325
Wien,2023-03-27,30.0,32.0,56.0,17.0,15.0,10.0,8.0,16.0,22.0,15.357142857142858,15.035714285714286,16.862186493255656,25.802306378238892,18.139188195759274,13.613382233088727,19.66293490127495,16.066037153484352,11.631636752623146,16.236889125962694,13.75687676100584,2023,27,3,0,0,0.995918996147179,0.09025161003104115,0.0,1.0,9.9,2.6,3.6,3.6,0.0,9.0,27.5,64.1,313
Wien,2023-03-28,4.0,30.0,32.0,56.0,17.0,15.0,10.0,8.0,24.0,16.928571428571427,15.857142857142858,16.862186493255656,26.85176313937708,15.831101064724352,13.964043307527568,21.049236876944576,15.389780684394836,11.853157996810575,17.264521423024537,13.736437588012222,2023,28,3,1,0,0.9973249731081555,0.07309512989807777,0.7818314824680297,0.6234898018587336,6.6,1.5,0.2,0.0,0.14,2.0,24.5,59.4,310
Varna,2023-03-28,5.5,11.3,9.7,13.5,20.3,14.1,7.7,12.4,12.714285714285714,12.107142857142858,12.014285714285716,4.008502867417617,12.447545040486718,3.718976854172705,3.8174627670773664,12.274420184733632,3.8560585713483326,4.147887841416826,11.945656727579063,3.9382959692607993,2023,28,3,1,0,0.9973249731081555,0.07309512989807777,0.7818314824680297,0.6234898018587336,10.0,3.4,3.4,3.4,0.0,10.0,30.4,69.8,293
Albuquerque,2023-03-28,10.0,11.6,11.9,9.3,7.6,2.6,8.8,7.3,8.442857142857143,8.128571428571428,7.632142857142857,3.134143765505524,9.475256664935133,3.0549158913673535,3.2594073485430237,8.630823064270198,3.121071121900326,2.699664392232455,8.130696926829362,3.0139906458117722,2023,28,3,1,0,0.9973249731081555,0.07309512989807777,0.7818314824680297,0.6234898018587336,14.8,-5.1,0.0,0.0,0.0,0.0,24.5,36.0,359
Wien,2023-03-29,7.0,4.0,30.0,32.0,56.0,17.0,15.0,10.0,23.428571428571427,16.785714285714285,15.357142857142858,17.548572048813003,21.138686167166636,17.38391428104579,14.094071702061727,18.76454077295265,15.538261321539673,12.053013410559712,16.27973014546192,13.682595223201574,2023,29,3,2,0,0.9984354211555643,0.055916990100603484,0.9749279121818236,-0.22252093395631434,7.6,0.1,0.5,0.5,0.0,3.0,11.2,25.9,184
Varna,2023-03-29,7.3,5.5,11.3,9.7,13.5,20.3,14.1,7.7,11.728571428571428,11.942857142857141,11.953571428571427,4.8571988792287435,10.71061737577605,4.575143933698047,4.058933980116585,11.366608796190185,4.314508814305092,4.232544295920742,11.467115035719418,4.162961679171687,2023,29,3,2,0,0.9984354211555643,0.055916990100603484,0.9749279121818236,-0.22252093395631434,6.4,0.9,1.3,0.0,0.28,6.0,16.5,44.6,297
Albuquerque,2023-03-29,8.3,10.0,11.6,11.9,9.3,7.6,2.6,8.8,8.82857142857143,8.27142857142857,7.807142857142858,3.136194235967263,9.606445625961696,2.65698036045559,3.296951638997774,8.814300672876108,2.9443463656704774,2.6882361794704264,8.269478666695534,2.9421667892012917,2023,29,3,2,0,0.9984354211555643,0.055916990100603484,0.9749279121818236,-0.22252093395631434,21.8,-1.4,0.0,0.0,0.0,0.0,14.3,34.2,352
Albuquerque,2023-03-30,4.7,8.3,10.0,11.6,11.9,9.3,7.6,2.6,8.757142857142856,8.442857142857143,7.857142857142857,3.14264068518666,9.279828380086117,2.3807531619282467,3.2257889400446342,8.745427728192638,2.7459999928967336,2.683754773175016,8.271732752111147,2.830855539661223,2023,30,3,3,0,0.9992500112396835,0.03872228089217446,0.43388373911755823,-0.900968867902419,22.6,4.3,0.0,0.0,0.0,0.0,41.5,76.7,201
Varna,2023-03-30,8.6,7.3,5.5,11.3,9.7,13.5,20.3,14.1,11.671428571428573,11.549999999999999,11.950000000000001,4.914507193237279,9.857947787486562,4.271234629934785,4.232066234758693,10.822025953039228,4.264672996736166,4.2365691919899655,11.159361991856725,4.157141925397407,2023,30,3,3,0,0.9992500112396835,0.03872228089217446,0.43388373911755823,-0.900968867902419,10.5,-0.6,0.0,0.0,0.0,0.0,14.6,35.6,302
Wien,2023-03-30,12.0,7.0,4.0,30.0,32.0,56.0,17.0,15.0,23.0,17.0,14.607142857142858,17.962924780409974,17.6039514300667,16.44317480885787,13.906279710426343,17.189083829933665,15.046010452921927,11.889426630770114,15.594396245627003,13.396067812278323,2023,30,3,3,0,0.9992500112396835,0.03872228089217446,0.43388373911755823,-0.900968867902419,12.7,4.8,5.4,4.5,0.0,9.0,18.8,47.5,221
Albuquerque,2023-03-31,4.9,4.7,8.3,10.0,11.6,11.9,9.3,7.6,9.057142857142857,8.657142857142857,7.760714285714286,2.4892148312651674,8.134855932380685,2.973090820357696,2.817176514967338,8.203996684991424,2.9283137044285525,2.748513306648777,8.009233251947538,2.885680792934773,2023,31,3,4,0,0.9997685019798909,0.021516097436222258,-0.433883739117558,-0.9009688679024191,20.6,2.5,0.0,0.0,0.0,0.0,40.7,78.8,273
Wien,2023-03-31,6.0,12.0,7.0,4.0,30.0,32.0,56.0,17.0,22.571428571428573,17.285714285714285,13.892857142857142,18.219560394048507,16.202944786759865,14.479366919143164,13.747327412592275,16.49458839951975,14.121961849255518,11.396358371294934,15.330231123723816,12.927419733667747,2023,31,3,4,0,0.9997685019798909,0.021516097436222258,-0.433883739117558,-0.9009688679024191,18.6,8.3,1.1,0.7,0.0,4.0,19.5,54.0,246
Varna,2023-03-31,13.8,8.6,7.3,5.5,11.3,9.7,13.5,20.3,10.885714285714284,11.207142857142856,11.803571428571429,4.901166042017815,9.543456623672027,3.7454858411782346,4.264967180992729,10.524634945064975,4.045813728163982,4.280315161713899,10.971265263958193,4.058364839387921,2023,31,3,4,0,0.9997685019798909,0.021516097436222258,-0.433883739117558,-0.9009688679024191,11.5,1.9,1.9,1.9,0.0,5.0,6.8,20.2,231
Wien,2023-04-01,1.0,6.0,12.0,7.0,4.0,30.0,32.0,56.0,21.0,17.071428571428573,13.035714285714286,19.226717521892986,13.652182938116141,13.416798015845252,13.90884768613288,15.090724212611937,13.656110112418993,11.036914970384254,14.647609810630783,12.688004475111226,2023,1,4,5,1,0.9999907397361901,0.004303538296244289,-0.9749279121818235,-0.2225209339563146,15.7,9.4,0.7,0.3,0.0,4.0,21.9,51.1,279
Albuquerque,2023-04-01,6.1,4.9,4.7,8.3,10.0,11.6,11.9,9.3,8.67142857142857,8.57857142857143,7.5928571428571425,2.923875445200705,7.326133816302681,2.9863873210297522,2.9107700729501835,7.762020073509086,2.9648433429130088,2.775411690706453,7.7817545478283785,2.897940021956555,2023,1,4,5,1,0.9999907397361901,0.004303538296244289,-0.9749279121818235,-0.2225209339563146,18.9,-0.3,0.0,0.0,0.0,0.0,23.3,38.9,322
Varna,2023-04-01,10.8,13.8,8.6,7.3,5.5,11.3,9.7,13.5,9.957142857142857,11.785714285714286,11.85,3.1079774467527597,10.607603169434382,3.8058952694283192,4.001702934205184,10.962781494946153,3.9391988781705964,4.2951738635960375,11.178222047161444,3.978077477139211,2023,1,4,5,1,0.9999907397361901,0.004303538296244289,-0.9749279121818235,-0.2225209339563146,18.2,7.5,6.3,1.4,0.0,8.0,10.5,24.5,147
Wien,2023-04-02,3.0,1.0,6.0,12.0,7.0,4.0,30.0,32.0,13.142857142857142,16.428571428571427,12.321428571428571,12.654756305154876,10.489113346328065,13.039350727793957,14.457972438518723,13.206627155186506,13.649945596883814,11.149002850042894,13.6532920270803,12.740075224254765,2023,2,4,6,1,0.9999166586547379,-0.01291029607500882,-0.7818314824680299,0.6234898018587334,11.4,5.2,9.6,9.2,0.0,14.0,20.5,45.0,315
Varna,2023-04-02,6.1,10.8,13.8,8.6,7.3,5.5,11.3,9.7,9.571428571428571,11.835714285714285,11.525,2.7408722977148976,10.655702739863855,3.2972246076529412,3.9833513417834383,10.941015677163922,3.6667209467433324,3.9974644741663714,11.15066609320015,3.8311045803584176,2023,2,4,6,1,0.9999166586547379,-0.01291029607500882,-0.7818314824680299,0.6234898018587334,17.0,9.0,0.0,0.0,0.0,0.0,21.8,51.8,279
Albuquerque,2023-04-02,7.6,6.1,4.9,4.7,8.3,10.0,11.6,11.9,8.214285714285714,8.314285714285715,7.4750000000000005,3.0563750704762294,7.019598050199733,2.649100155878877,2.958912779242543,7.5397882646516186,2.8211957920957054,2.765880075598469,7.659227711431714,2.8253477070989095,2023,2,4,6,1,0.9999166586547379,-0.01291029607500882,-0.7818314824680299,0.6234898018587334,23.8,0.9,0.0,0.0,0.0,0.0,26.1,46.4,235
Albuquerque,2023-04-03,3.8,7.6,6.1,4.9,4.7,8.3,10.0,11.6,7.6000000000000005,8.014285714285714,7.542857142857144,2.588435821108958,7.16469935846311,2.310189481635791,2.78619043549739,7.547836241827709,2.6259028418403445,2.74393993177809,7.654929309865279,2.7205241257238817,2023,3,4,0,0,0.9995462806873573,-0.030120304846908114,0.0,1.0,24.6,5.4,0.0,0.0,0.0,0.0,35.2,76.3,214
Wien,2023-04-03,6.0,3.0,1.0,6.0,12.0,7.0,4.0,30.0,9.0,15.5,12.035714285714286,9.899494936611658,8.616824418527457,11.823165436841963,14.898373685122095,11.842396379997313,13.206195480136142,11.285789632057105,12.880138278101079,12.587168702715406,2023,3,4,0,0,0.9995462806873573,-0.030120304846908114,0.0,1.0,5.8,2.1,0.0,0.0,0.0,0.0,20.5,46.1,350
Varna,2023-04-03,9.0,6.1,10.8,13.8,8.6,7.3,5.5,11.3,9.057142857142857,11.271428571428572,11.007142857142856,3.0347197250362012,9.516770612153428,3.56283647855934,4.206483744709528,10.293959360758318,3.8171573124079656,3.7069432921786896,10.784118230354213,3.9237090696788415,2023,3,4,0,0,0.9995462806873573,-0.030120304846908114,0.0,1.0,14.6,7.1,2.1,2.0,0.0,6.0,18.5,40.7,73
Albuquerque,2023-04-04,2.9,3.8,7.6,6.1,4.9,4.7,8.3,10.0,6.485714285714286,7.464285714285714,7.403571428571428,2.2341505256872436,6.323520950045425,2.5454365888634363,2.805107194676589,7.04705990425934,2.7794654585068073,2.833200276987811,7.376166997248877,2.81099011257175,2023,4,4,1,0,0.9988797155850336,-0.04732138832243185,0.7818314824680297,0.6234898018587336,24.2,5.8,0.0,0.0,0.0,0.0,38.2,70.2,247
Wien,2023-04-04,7.0,6.0,3.0,1.0,6.0,12.0,7.0,4.0,5.571428571428571,14.785714285714286,11.857142857142858,3.5050983275386294,7.962615538334694,10.312040975087823,15.110763211537822,11.061750248999083,12.463923134640435,11.342200079592258,12.382613394151619,12.257381483285464,2023,4,4,1,0,0.9988797155850336,-0.04732138832243185,0.7818314824680297,0.6234898018587336,6.6,0.1,0.0,0.0,0.0,0.0,20.8,47.9,352
Varna,2023-04-04,8.4,9.0,6.1,10.8,13.8,8.6,7.3,5.5,8.72857142857143,10.721428571428573,10.875,2.871535179257651,9.38757741099717,3.0949560128352567,3.9368434390684457,10.121063805074474,3.5821722674246415,3.7103084627681433,10.65510291414547,3.8079416020604793,2023,4,4,1,0,0.9988797155850336,-0.04732138832243185,0.7818314824680297,0.6234898018587336,12.9,4.4,1.5,0.2,0.0,7.0,24.6,57.6,37
Varna,2023-04-05,5.5,8.4,9.0,6.1,10.8,13.8,8.6,7.3,9.142857142857142,10.435714285714287,10.614285714285714,2.5151919362526716,9.140682272635845,2.719816893667408,3.9507754142226776,9.891164959913425,3.3892000700038856,3.6139354034804105,10.492573282868877,3.7156062454946164,2023,5,4,2,0,0.9979171608653922,-0.06450844944931623,0.9749279121818236,-0.22252093395631434,9.0,3.1,1.3,1.3,0.0,6.0,23.2,54.4,308
Wien,2023-04-05,8.0,7.0,6.0,3.0,1.0,6.0,12.0,7.0,6.0,14.714285714285714,11.571428571428571,3.4641016151377286,7.721960887996008,8.941824740108844,15.147625208280981,10.519183675450645,11.689689609443768,11.36084429383587,11.994678029974494,11.890959619173136,2023,5,4,2,0,0.9979171608653922,-0.06450844944931623,0.9749279121818236,-0.22252093395631434,7.0,-1.8,0.0,0.0,0.0,0.0,14.0,33.5,335
Albuquerque,2023-04-05,9.3,2.9,3.8,7.6,6.1,4.9,4.7,8.3,5.471428571428571,7.1499999999999995,7.2,1.9686833888958142,5.467637989143245,2.7245724967728915,3.0598516806689005,6.493097709486638,2.972765765066984,2.9465610840812757,7.053560979123538,2.953728932433487,2023,5,4,2,0,0.9979171608653922,-0.06450844944931623,0.9749279121818236,-0.22252093395631434,10.7,-6.4,0.0,0.0,0.0,0.0,39.3,63.4,264
Albuquerque,2023-04-06,5.2,9.3,2.9,3.8,7.6,6.1,4.9,4.7,5.614285714285714,7.185714285714285,7.2821428571428575,2.2274264457953694,6.425730778321731,2.9631493667293594,3.0834189672298047,6.867950041542965,2.93919687361896,2.972722106012723,7.214964799107383,2.90616635837744,2023,6,4,3,0,0.9966589017541702,-0.08167639533042242,0.43388373911755823,-0.900968867902419,18.9,-2.0,0.0,0.0,0.0,0.0,16.1,32.4,7
Varna,2023-04-06,9.7,5.5,8.4,9.0,6.1,10.8,13.8,8.6,8.885714285714286,10.278571428571427,10.314285714285715,2.8097618946739757,8.230509532372576,2.9064567100107164,4.108561150241617,9.3047396927316,3.515068978555334,3.6791418369077156,10.133863167919962,3.8131163025828094,2023,6,4,3,0,0.9966589017541702,-0.08167639533042242,0.43388373911755823,-0.900968867902419,9.9,3.8,0.0,0.0,0.0,0.0,16.5,41.0,268
Wien,2023-04-06,11.0,8.0,7.0,6.0,3.0,1.0,6.0,12.0,6.142857142857143,14.571428571428571,11.392857142857142,3.5321651258385836,7.791470831880736,7.74493507591216,15.204828614187441,10.182755193842118,10.917251589807169,11.376842254445634,11.707665434639559,11.502665027288721,2023,6,4,3,0,0.9966589017541702,-0.08167639533042242,0.43388373911755823,-0.900968867902419,10.6,-0.3,0.0,0.0,0.0,0.0,20.3,45.4,331
Albuquerque,2023-04-07,5.0,5.2,9.3,2.9,3.8,7.6,6.1,4.9,5.685714285714285,7.371428571428572,7.257142857142857,2.2010819850159886,6.119297535269889,2.6294180846731114,2.8558788412752993,6.645248440928791,2.798549031239767,2.9876819419482032,7.070608323321979,2.8495307835285026,2023,7,4,4,0,0.9951053111006976,-0.09882013873287143,-0.433883739117558,-0.9009688679024191,20.2,2.9,0.0,0.0,0.0,0.0,21.2,46.1,114
Varna,2023-04-07,11.6,9.7,5.5,8.4,9.0,6.1,10.8,13.8,9.042857142857143,9.964285714285714,10.200000000000001,2.821853494222747,8.597882806824728,2.609211183421494,3.9593331106789535,9.357514116962252,3.274922218521156,3.645392830531288,10.102780263681753,3.6753511758838786,2023,7,4,4,0,0.9951053111006976,-0.09882013873287143,-0.433883739117558,-0.9009688679024191,11.3,3.9,0.0,0.0,0.0,0.0,12.1,30.6,278
Wien,2023-04-07,20.0,11.0,8.0,7.0,6.0,3.0,1.0,6.0,6.0,14.285714285714286,11.607142857142858,3.265986323710876,8.593604559614498,6.873131709002316,15.233710449720846,10.291872206877242,10.166251682827491,11.308270607258393,11.656966738451434,11.083300162411668,2023,7,4,4,0,0.9951053111006976,-0.09882013873287143,-0.433883739117558,-0.9009688679024191,9.0,4.4,0.5,0.5,0.0,4.0,13.1,29.9,339
Albuquerque,2023-04-08,5.1,5.0,5.2,9.3,2.9,3.8,7.6,6.1,5.7,7.185714285714285,7.0928571428571425,2.1954498400100193,5.839472775817878,2.33654291046011,2.9236060828149397,6.425618506834419,2.6689764135764777,2.980545385269413,6.922661428329978,2.7989069785084264,2023,8,4,5,1,0.9932568492674143,-0.11593459959550043,-0.9749279121818235,-0.2225209339563146,22.3,2.4,0.0,0.0,0.0,0.0,12.5,32.4,174
Varna,2023-04-08,9.8,11.6,9.7,5.5,8.4,9.0,6.1,10.8,8.72857142857143,9.342857142857143,10.271428571428572,2.272820777297292,9.348413112624481,2.6603602475222003,2.692357927317837,9.656871353502831,3.14955055917745,3.6527875852364,10.20975800960023,3.5630176823865747,2023,8,4,5,1,0.9932568492674143,-0.11593459959550043,-0.9749279121818235,-0.2225209339563146,11.3,4.8,0.0,0.0,0.0,0.0,11.5,29.9,103
Wien,2023-04-08,10.0,20.0,11.0,8.0,7.0,6.0,3.0,1.0,8.0,14.5,12.071428571428571,6.218252702059198,11.44520724767972,7.993161320174233,15.295801334403453,11.587843936338114,10.064586974446923,11.378760498234879,12.253084242644984,10.901421018208515,2023,8,4,5,1,0.9932568492674143,-0.11593459959550043,-0.9749279121818235,-0.2225209339563146,5.9,0.6,9.9,7.6,1.68,17.0,8.9,24.8,2
Varna,2023-04-09,9.6,9.8,11.6,9.7,5.5,8.4,9.0,6.1,8.585714285714285,9.078571428571427,10.403571428571427,2.1489753926220794,9.461309948132225,2.3136000084213646,2.420800430699465,9.675975034787108,2.9322362898309677,3.5620928245913683,10.18055300438193,3.435050649154704,2023,9,4,6,1,0.9911140639934547,-0.1330147065341959,-0.7818314824680299,0.6234898018587334,12.9,3.0,0.0,0.0,0.0,0.0,12.6,32.0,102
Albuquerque,2023-04-09,13.2,5.1,5.0,5.2,9.3,2.9,3.8,7.6,5.557142857142857,6.885714285714286,7.132142857142857,2.1976177578286515,5.654604395739022,2.0528491760342265,2.9053947548170918,6.248685418463421,2.5281242793609726,2.945310594377866,6.79275344537802,2.7391158660361437,2023,9,4,6,1,0.9911140639934547,-0.1330147065341959,-0.7818314824680299,0.6234898018587334,24.1,4.4,0.0,0.0,0.0,0.0,14.1,25.2,20
Wien,2023-04-09,15.0,10.0,20.0,11.0,8.0,7.0,6.0,3.0,9.285714285714286,11.214285714285714,12.357142857142858,5.407226205560028,11.083905072002908,6.9552021130718735,9.560966892113365,11.375911068730257,9.385502093817745,11.21577686982274,12.092498395579009,10.521360107337685,2023,9,4,6,1,0.9911140639934547,-0.1330147065341959,-0.7818314824680299,0.6234898018587334,9.2,4.5,4.5,3.8,0.0,10.0,8.4,19.8,323
Albuquerque,2023-04-10,6.0,13.2,5.1,5.0,5.2,9.3,2.9,3.8,6.357142857142857,6.978571428571428,7.464285714285714,3.622548432092683,7.540954721178988,3.95154947658688,3.0927156529319175,7.176363253861523,3.3995605934679456,3.0882350569857486,7.248370486281998,3.1283530506491104,2023,10,4,0,0,0.9886775902323404,-0.1500553983446526,0.0,1.0,26.2,7.5,0.0,0.0,0.0,0.0,12.2,25.6,330
Varna,2023-04-10,8.9,9.6,9.8,11.6,9.7,5.5,8.4,9.0,9.085714285714285,9.071428571428571,10.464285714285714,1.8622822659562699,9.49598248728025,2.004685772426045,2.4189726272590524,9.665835894198821,2.729676575190118,3.5322025743797663,10.139270085160787,3.313866802687636,2023,10,4,0,0,0.9886775902323404,-0.1500553983446526,0.0,1.0,13.4,7.0,2.6,2.5,0.0,7.0,14.7,34.9,19
Wien,2023-04-10,18.0,15.0,10.0,20.0,11.0,8.0,7.0,6.0,11.0,10.0,12.678571428571429,4.966554808583769,12.062929543259195,6.295698834907901,7.5955452531275,11.859558720640637,8.829854799550523,11.155644880436661,12.299249808395215,10.168061843390717,2023,10,4,0,0,0.9886775902323404,-0.1500553983446526,0.0,1.0,14.1,5.0,0.0,0.0,0.0,0.0,12.4,28.4,324
Varna,2023-04-11,7.1,8.9,9.6,9.8,11.6,9.7,5.5,8.4,9.071428571428571,8.9,10.503571428571428,1.863432572534068,9.346986781080693,1.7583435397029556,2.3323807579381177,9.563644638789821,2.555346930060482,3.507503295091736,10.051334571988713,3.210299908186615,2023,11,4,1,0,0.9859481499638304,-0.16705162550211924,0.7818314824680297,0.6234898018587336,9.9,8.5,13.1,11.4,0.0,22.0,20.1,50.0,312
Albuquerque,2023-04-11,7.7,6.0,13.2,5.1,5.0,5.2,9.3,2.9,6.671428571428572,6.578571428571428,7.353571428571429,3.4552926965812367,7.155715822715109,3.4972111372815404,2.79702550012538,7.019392238739691,3.191713042643233,3.0829858234026295,7.159789231352541,3.03272825907366,2023,11,4,1,0,0.9859481499638304,-0.16705162550211924,0.7818314824680297,0.6234898018587336,28.1,5.4,0.0,0.0,0.0,0.0,12.7,18.0,191
Wien,2023-04-11,17.0,18.0,15.0,10.0,20.0,11.0,8.0,7.0,12.714285714285714,9.142857142857142,13.035714285714286,5.023753102820158,13.547197998017767,6.118622473745494,5.572696389984392,12.678924080577753,8.500429175129868,11.160386767681162,12.703760818196216,9.912819504093148,2023,11,4,1,0,0.9859481499638304,-0.16705162550211924,0.7818314824680297,0.6234898018587336,12.4,3.6,2.0,1.9,0.0,5.0,20.9,45.7,272
Albuquerque,2023-04-12,5.0,7.7,6.0,13.2,5.1,5.0,5.2,9.3,7.3571428571428585,6.414285714285714,7.3428571428571425,3.032522131195498,7.2917869248313405,3.039352933081391,2.643964721880652,7.110201399372344,2.980836246190706,3.0811768520568235,7.1980450345409555,2.9265622869584544,2023,12,4,2,0,0.9829265519799822,-0.18399835165768005,0.9749279121818236,-0.22252093395631434,28.5,9.0,0.0,0.0,0.0,0.0,16.1,27.7,181
Varna,2023-04-12,6.4,7.1,8.9,9.6,9.8,11.6,9.7,5.5,8.885714285714286,9.014285714285714,10.478571428571428,2.0011901220928228,8.785239847213429,1.8502126250380089,2.187677779275105,9.234936218933774,2.5326489033039463,3.5299099918078043,9.842331565973394,3.1890912771064883,2023,12,4,2,0,0.9829265519799822,-0.18399835165768005,0.9749279121818236,-0.22252093395631434,11.3,8.6,0.9,0.5,0.0,6.0,16.3,38.2,303
Wien,2023-04-12,10.9,17.0,18.0,15.0,10.0,20.0,11.0,8.0,14.142857142857142,10.071428571428571,13.428571428571429,4.525062483125557,14.410398865150333,5.539499472300871,5.730677040338197,13.255457731246226,8.058574512069804,11.096975134821973,13.008005180079161,9.62047071811464,2023,12,4,2,0,0.9829265519799822,-0.18399835165768005,0.9749279121818236,-0.22252093395631434,14.5,4.7,0.2,0.0,0.0,1.0,12.8,28.8,185
Wien,2023-04-13,8.2,10.9,17.0,18.0,15.0,10.0,20.0,11.0,14.557142857142859,10.35,13.674999999999999,3.9673068711058606,13.532798869298064,5.07051997531963,5.664294375227225,12.941212378184563,7.547639020613549,10.955554146946044,12.858999556700399,9.289909794930166,2023,13,4,3,0,0.9796136916454901,-0.20089055513063506,0.43388373911755823,-0.900968867902419,10.0,7.2,12.4,12.4,0.0,17.0,14.7,34.9,302
Varna,2023-04-13,8.5,6.4,7.1,8.9,9.6,9.8,11.6,9.7,9.014285714285714,8.95,10.25,1.7620334573332843,8.188929695451936,1.9524381163699103,2.254141487607607,8.856722880095889,2.5610973892185496,3.5808647827853846,9.599008273549133,3.2029354076233134,2023,13,4,3,0,0.9796136916454901,-0.20089055513063506,0.43388373911755823,-0.900968867902419,17.4,6.8,0.0,0.0,0.0,0.0,10.8,28.1,246
Albuquerque,2023-04-13,9.4,5.0,7.7,6.0,13.2,5.1,5.0,5.2,6.742857142857143,6.178571428571429,7.310714285714285,3.0087966270349935,6.718840011107868,2.842039219077588,2.6097976848874582,6.82867608266622,2.8730357670938687,3.1014141679675484,7.042674889495074,2.8788843112657045,2023,13,4,3,0,0.9796136916454901,-0.20089055513063506,0.43388373911755823,-0.900968867902419,28.2,12.1,0.0,0.0,0.0,0.0,29.5,46.8,218
Albuquerque,2023-04-14,3.6,9.4,5.0,7.7,6.0,13.2,5.1,5.0,7.3428571428571425,6.514285714285714,7.585714285714286,3.0680379956671255,7.38913016847458,2.7623179226588066,2.705509234835506,7.171693643864217,2.8242378257691727,2.9216578608873176,7.209017718804182,2.8426637083223216,2023,14,4,4,0,0.9760105506323683,-0.21772323039653177,-0.433883739117558,-0.9009688679024191,24.6,9.9,0.0,0.0,0.0,0.0,25.6,43.9,242
Wien,2023-04-14,5.4,8.2,10.9,17.0,18.0,15.0,10.0,20.0,14.157142857142857,10.078571428571427,13.682142857142859,4.4921624869903996,12.199598833449464,5.050109331074946,5.670189058227598,12.308729206335501,7.222578317070643,10.951781643368404,12.530240844311583,9.037751644094055,2023,14,4,4,0,0.9760105506323683,-0.21772323039653177,-0.433883739117558,-0.9009688679024191,7.0,3.0,50.1,49.7,0.0,24.0,25.1,56.9,284
Varna,2023-04-14,11.3,8.5,6.4,7.1,8.9,9.6,9.8,11.6,8.842857142857143,8.942857142857141,10.075,1.742466779078,8.266697290168949,1.6971086988777466,2.2554939031734795,8.809135638547225,2.3874646955513303,3.540728633948003,9.5214576018825,3.1009572673267445,2023,14,4,4,0,0.9760105506323683,-0.21772323039653177,-0.433883739117558,-0.9009688679024191,16.7,6.3,0.0,0.0,0.0,0.0,9.2,23.8,126
Wien,2023-04-15,6.7,5.4,8.2,10.9,17.0,18.0,15.0,10.0,12.071428571428571,10.035714285714286,13.553571428571429,4.7112327777041765,10.499698820485904,5.4075419596645995,5.705544825714874,11.387159297865663,7.151859906090832,11.029639601340095,12.027903987308882,8.909291452943382,2023,15,4,5,1,0.9721181966290613,-0.23449138957040985,-0.9749279121818235,-0.2225209339563146,9.0,3.8,16.0,16.0,0.0,15.0,16.9,43.6,222
Varna,2023-04-15,7.7,11.3,8.5,6.4,7.1,8.9,9.6,9.8,8.8,8.764285714285714,10.275,1.6653327995729015,9.02502310350938,2.0427520790093037,1.9145624697432668,9.141397270612611,2.389988882186866,3.4412126415617608,9.646758754792245,3.025320425451143,2023,15,4,5,1,0.9721181966290613,-0.23449138957040985,-0.9749279121818235,-0.2225209339563146,18.9,11.0,2.6,2.5,0.0,2.0,9.9,25.6,108
Albuquerque,2023-04-15,9.1,3.6,9.4,5.0,7.7,6.0,13.2,5.1,7.142857142857143,6.421428571428571,7.5,3.284233620830054,6.441847456614513,2.9771639335966897,2.786279176312315,6.695257922307813,2.915562740180281,3.0039480194743224,6.954756655634415,2.8976742674013183,2023,15,4,5,1,0.9721181966290613,-0.23449138957040985,-0.9749279121818235,-0.2225209339563146,19.8,4.2,0.0,0.0,0.0,0.0,31.5,46.1,331
Albuquerque,2023-04-16,6.3,9.1,3.6,9.4,5.0,7.7,6.0,13.2,7.714285714285714,6.635714285714286,7.475,3.2168455415352546,7.106385681768698,2.8623883201398406,2.873648750779595,7.016012671732324,2.8436800099652033,2.9869624109527133,7.10566820929996,2.8491308627223244,2023,16,4,6,1,0.9679377830240642,-0.25119006388481935,-0.7818314824680299,0.6234898018587334,23.0,1.7,0.0,0.0,0.0,0.0,20.0,38.5,349
Varna,2023-04-16,10.8,7.7,11.3,8.5,6.4,7.1,8.9,9.6,8.5,8.542857142857143,10.189285714285713,1.6441816606851323,8.693767283114305,1.874482133440688,1.8387764684971593,8.949137558169678,2.282269200859573,3.47545246568988,9.50981000766324,2.960601932358553,2023,16,4,6,1,0.9679377830240642,-0.25119006388481935,-0.7818314824680299,0.6234898018587334,16.8,10.7,3.0,0.3,0.0,7.0,14.2,36.4,87
Wien,2023-04-16,11.0,6.7,5.4,8.2,10.9,17.0,18.0,15.0,11.6,10.442857142857141,13.435714285714285,5.1019604075296305,9.549773987703285,5.008930121049802,5.19137069282571,10.761966009967406,6.860119239867417,11.0865021129538,11.653101627186226,8.701229639259846,2023,16,4,6,1,0.9679377830240642,-0.25119006388481935,-0.7818314824680299,0.6234898018587334,11.7,3.6,1.5,1.5,0.0,10.0,12.4,27.0,297
Albuquerque,2023-04-17,5.0,6.3,9.1,3.6,9.4,5.0,7.7,6.0,6.728571428571429,6.542857142857144,7.278571428571429,2.128938926409343,6.904789241006996,2.5074277295846144,2.8610687313859255,6.920512713076616,2.6592710640073105,2.870586098737425,7.0490700152665875,2.7550913117909803,2023,17,4,0,0,0.9634705485641488,-0.2678143051621742,0.0,1.0,26.4,5.2,0.0,0.0,0.0,0.0,12.3,30.2,192
Albuquerque,2023-04-17,6.3,5.0,6.3,9.1,3.6,9.4,5.0,7.7,6.585714285714286,6.628571428571428,7.046428571428572,2.2176778932241836,6.428591894757196,2.3471405667124134,2.7896590835078374,6.664370891521668,2.5666403799985393,2.7778865058085866,6.905307501653896,2.709559937788205,2023,17,4,0,0,0.9634705485641488,-0.2678143051621742,0.0,1.0,26.4,5.2,0.0,0.0,0.0,0.0,12.3,30.2,192
Varna,2023-04-17,9.1,10.8,7.7,11.3,8.5,6.4,7.1,8.9,8.671428571428573,8.87857142857143,10.075,1.8300403326286567,9.22032551540916,1.898864065058079,1.7867799018296593,9.196000908010333,2.222709268916104,3.3972347142497727,9.600445858356219,2.874276513171237,2023,17,4,0,0,0.9634705485641488,-0.2678143051621742,0.0,1.0,11.7,8.9,20.2,11.3,0.0,14.0,19.2,46.1,66
Varna,2023-04-17,9.1,9.1,10.8,7.7,11.3,8.5,6.4,7.1,8.7,8.885714285714286,9.803571428571429,1.835755975068578,9.190244134282874,1.645427171070432,1.7875024014430931,9.183197114897553,2.0694542286491093,3.1423607712882453,9.565334635221665,2.774538314960394,2023,17,4,0,0,0.9634705485641488,-0.2678143051621742,0.0,1.0,11.7,8.9,20.2,11.3,0.0,14.0,19.2,46.1,66
Wien,2023-04-17,14.5,11.0,6.7,5.4,8.2,10.9,17.0,18.0,11.028571428571428,11.014285714285714,13.257142857142856,4.876718256407771,9.912330527320655,4.390569460140758,4.728775600651685,10.793714381335983,6.386788010598661,11.083936610863974,11.607221235987577,8.39132019601313,2023,17,4,0,0,0.9634705485641488,-0.2678143051621742,0.0,1.0,17.1,8.0,0.3,0.3,0.0,3.0,16.5,43.9,311
Wien,2023-04-17,14.5,14.5,11.0,6.7,5.4,8.2,10.9,17.0,10.528571428571428,11.62142857142857,13.203571428571427,4.1712165634317655,11.059247982191506,4.365981341400888,4.578743289363373,11.288027562968974,6.087723768233559,11.073809011886834,11.81017825714419,8.126162540653414,2023,17,4,0,0,0.9634705485641488,-0.2678143051621742,0.0,1.0,17.1,8.0,0.3,0.3,0.0,3.0,16.5,43.9,311
Albuquerque,2023-04-18,4.5,6.3,5.0,6.3,9.1,3.6,9.4,5.0,6.385714285714285,6.871428571428572,7.010714285714286,2.16289048222402,6.396443919245232,2.033572902249699,2.580229140518804,6.615776027519488,2.3928152040028645,2.780932335761634,6.862889860040095,2.617520110779884,2023,18,4,1,0,0.9587178169872964,-0.2843591872810034,0.7818314824680297,0.6234898018587336,26.4,8.3,0.0,0.0,0.0,0.0,23.4,46.1,244
Varna,2023-04-18,10.1,9.1,9.1,10.8,7.7,11.3,8.5,6.4,8.985714285714286,8.935714285714285,9.685714285714285,1.6955122838723073,9.167683099433033,1.4256066712918862,1.7826545214530867,9.172101408358163,1.9267381264217487,3.1030109971892283,9.532725758355959,2.6781744649139245,2023,18,4,1,0,0.9587178169872964,-0.2843591872810034,0.7818314824680297,0.6234898018587336,13.7,8.8,8.9,2.6,0.0,13.0,9.4,23.8,61
Wien,2023-04-18,12.2,14.5,14.5,11.0,6.7,5.4,8.2,10.9,10.171428571428573,12.157142857142857,13.435714285714285,3.5915244143744176,11.919436035412948,4.1092671490415045,4.43286923677314,11.716397027676864,5.779425797060169,11.028723920869146,11.998670708306149,7.867087868022529,2023,18,4,1,0,0.9587178169872964,-0.2843591872810034,0.7818314824680297,0.6234898018587336,13.5,10.6,4.5,4.5,0.0,12.0,15.4,34.6,322
Albuquerque,2023-04-19,5.5,4.5,6.3,5.0,6.3,9.1,3.6,9.4,6.314285714285714,6.528571428571429,6.857142857142857,2.2236820601789997,5.922332919273735,1.9718768497380785,2.5514486296788523,6.33361177511254,2.349289849091345,2.7971451810768,6.6974912518143235,2.5978131039391443,2023,19,4,2,0,0.9536809966304457,-0.30081980763566735,0.9749279121818236,-0.22252093395631434,25.5,8.8,0.0,0.0,0.0,0.0,41.8,73.1,239
Varna,2023-04-19,10.8,10.1,9.1,9.1,10.8,7.7,11.3,8.5,9.514285714285714,9.264285714285714,9.771428571428572,1.2811824895105888,9.400762334485789,1.309353467699552,1.5026167651324598,9.295847877272944,1.8232909816267022,3.0791842525863404,9.572434071315016,2.5868392826221784,2023,19,4,2,0,0.9536809966304457,-0.30081980763566735,0.9749279121818236,-0.22252093395631434,12.8,8.9,5.6,4.5,0.0,11.0,10.0,24.5,332
Wien,2023-04-19,12.6,12.2,14.5,14.5,11.0,6.7,5.4,8.2,10.357142857142858,12.457142857142857,13.514285714285714,3.668268048574199,11.989577029542252,3.5611481706422867,4.268978311513872,11.780891316945901,5.3829543279495295,11.011163166791883,12.012763445003015,7.586614572491154,2023,19,4,2,0,0.9536809966304457,-0.30081980763566735,0.9749279121818236,-0.22252093395631434,11.2,8.0,9.5,9.5,0.0,12.0,11.6,33.5,321
Albuquerque,2023-04-20,5.9,5.5,4.5,6.3,5.0,6.3,9.1,3.6,5.757142857142857,6.55,6.960714285714286,1.7624387865087665,5.816749686088087,1.7190814574288027,2.540669203182497,6.222442784075001,2.206719177649351,2.6851221485029226,6.613755223176143,2.52449095878346,2023,20,4,3,0,0.9483615800121715,-0.3171912885891061,0.43388373911755823,-0.900968867902419,23.0,3.3,0.0,0.0,0.0,0.0,38.2,65.5,315
Varna,2023-04-20,11.1,10.8,10.1,9.1,9.1,10.8,7.7,11.3,9.842857142857143,9.342857142857143,9.653571428571428,1.2726051271010133,9.75057176202031,1.3092318626664572,1.5549990283025823,9.496438942373917,1.778383351428473,2.968536507221873,9.65827310822145,2.5149683499034725,2023,20,4,3,0,0.9483615800121715,-0.3171912885891061,0.43388373911755823,-0.900968867902419,14.1,9.0,0.1,0.0,0.0,1.0,16.5,38.9,307
Wien,2023-04-20,19.3,12.6,12.2,14.5,14.5,11.0,6.7,5.4,10.985714285714284,12.571428571428571,13.428571428571429,3.6135986548169856,12.142182777023525,3.0972313252505734,4.248335161960701,11.890126201293494,5.01950018637466,11.008510416368855,12.053826673575344,7.3178632284243985,2023,20,4,3,0,0.9483615800121715,-0.3171912885891061,0.43388373911755823,-0.900968867902419,15.8,6.2,0.3,0.3,0.0,2.0,10.8,27.4,73
