date,subjectivity,polarity,unix
2021-02-05 00:00:00,462.9834456191956,153.8703582852333,1612476000000
2021-02-06 00:00:00,945.5214237151736,356.9411593730344,1612562400000
2021-02-07 00:00:00,1055.799641219891,446.82193717856217,1612648800000
2021-02-08 00:00:00,1528.902317007067,552.3776084008584,1612735200000
2021-02-09 00:00:00,1187.5488293142043,433.1410493025493,1612821600000
2021-02-10 00:00:00,938.8111801485552,331.9818323944574,1612908000000
2021-02-11 00:00:00,0.0,0.0,1612994400000
2021-02-12 00:00:00,0.0,0.0,1613080800000
2021-02-13 00:00:00,575.0715174316424,201.6152061087061,1613167200000
2021-02-14 00:00:00,1457.8246965441965,601.4819641793392,1613253600000
2021-02-15 00:00:00,1961.4525145086395,881.6536114718615,1613340000000
2021-02-16 00:00:00,0.0,0.0,1613426400000
2021-02-17 00:00:00,0.0,0.0,1613512800000
2021-02-18 00:00:00,622.122537050912,221.4550197210197,1613599200000
2021-02-19 00:00:00,1240.62805079114,394.4680247801141,1613685600000
2021-02-20 00:00:00,0.0,0.0,1613772000000
2021-02-21 00:00:00,0.0,0.0,1613858400000
2021-02-22 00:00:00,978.6986461362712,309.9371981351981,1613944800000
2021-02-23 00:00:00,0.0,0.0,1614031200000
2021-02-24 00:00:00,0.0,0.0,1614117600000
2021-02-25 00:00:00,0.0,0.0,1614204000000
2021-02-26 00:00:00,0.0,0.0,1614290400000
2021-02-27 00:00:00,0.0,0.0,1614376800000
2021-02-28 00:00:00,450.4020441919192,141.5503042929293,1614463200000
2021-03-01 00:00:00,0.0,0.0,1614549600000
2021-03-02 00:00:00,0.0,0.0,1614636000000
2021-03-03 00:00:00,0.0,0.0,1614722400000
2021-03-04 00:00:00,0.0,0.0,1614808800000
2021-03-05 00:00:00,0.0,0.0,1614895200000
2021-03-06 00:00:00,0.0,0.0,1614981600000
2021-03-07 00:00:00,0.0,0.0,1615068000000
2021-03-08 00:00:00,0.0,0.0,1615154400000
2021-03-09 00:00:00,0.0,0.0,1615240800000
2021-03-10 00:00:00,0.0,0.0,1615327200000
2021-03-11 00:00:00,53.1714409016909,18.665668932918933,1615413600000
2021-03-12 00:00:00,1086.8918395632145,414.3654202140452,1615500000000
2021-03-13 00:00:00,0.0,0.0,1615586400000
2021-03-14 00:00:00,0.0,0.0,1615672800000
2021-03-15 00:00:00,0.0,0.0,1615759200000
2021-03-16 00:00:00,0.0,0.0,1615845600000
2021-03-17 00:00:00,0.0,0.0,1615932000000
2021-03-18 00:00:00,0.0,0.0,1616018400000
2021-03-19 00:00:00,0.0,0.0,1616104800000
2021-03-20 00:00:00,0.0,0.0,1616191200000
2021-03-21 00:00:00,0.0,0.0,1616277600000
2021-03-22 00:00:00,0.0,0.0,1616364000000
2021-03-23 00:00:00,0.0,0.0,1616450400000
2021-03-24 00:00:00,0.0,0.0,1616536800000
2021-03-25 00:00:00,0.0,0.0,1616623200000
2021-03-26 00:00:00,0.0,0.0,1616709600000
2021-03-27 00:00:00,0.0,0.0,1616796000000
2021-03-28 00:00:00,0.0,0.0,1616882400000
2021-03-29 00:00:00,0.0,0.0,1616968800000
2021-03-30 00:00:00,0.0,0.0,1617055200000
2021-03-31 00:00:00,0.0,0.0,1617141600000
2021-04-01 00:00:00,0.0,0.0,1617228000000
2021-04-02 00:00:00,0.0,0.0,1617314400000
2021-04-03 00:00:00,0.0,0.0,1617400800000
2021-04-04 00:00:00,0.0,0.0,1617487200000
2021-04-05 00:00:00,600.4525033115033,221.56691907166908,1617573600000
2021-04-06 00:00:00,1114.3421443787695,380.3162985209235,1617660000000
2021-04-07 00:00:00,1218.4685234580236,449.5452974201724,1617746400000
2021-04-08 00:00:00,1111.6837756456507,433.094356962482,1617832800000
2021-04-09 00:00:00,939.4247692723944,316.02467526455024,1617919200000
2021-04-10 00:00:00,1154.8785288045287,462.8374976689977,1618005600000
2021-04-11 00:00:00,602.8463238474488,244.68305367317868,1618092000000
2021-04-12 00:00:00,569.8803272005772,205.6249367021867,1618178400000
2021-04-13 00:00:00,0.0,0.0,1618264800000
2021-04-14 00:00:00,0.0,0.0,1618351200000
2021-04-15 00:00:00,0.0,0.0,1618437600000
2021-04-16 00:00:00,0.0,0.0,1618524000000
2021-04-17 00:00:00,86.79747162097162,43.732313131313134,1618610400000
2021-04-18 00:00:00,1367.2527016987642,470.80463518987625,1618696800000
2021-04-19 00:00:00,1206.8408755782457,405.7093819179858,1618783200000
2021-04-20 00:00:00,1284.6999388792424,462.47728137471,1618869600000
2021-04-21 00:00:00,1357.734961915069,410.5729243454958,1618956000000
2021-04-22 00:00:00,1555.9135207761817,544.7608200020878,1619042400000
2021-04-23 00:00:00,1817.509812514866,568.1585499269249,1619128800000
2021-04-24 00:00:00,1246.6620510547652,464.81702069161,1619215200000
2021-04-25 00:00:00,0.0,0.0,1619301600000
2021-04-26 00:00:00,0.0,0.0,1619388000000
2021-04-27 00:00:00,0.0,0.0,1619474400000
2021-04-28 00:00:00,0.0,0.0,1619560800000
2021-04-29 00:00:00,0.0,0.0,1619647200000
2021-04-30 00:00:00,0.0,0.0,1619733600000
2021-05-01 00:00:00,0.0,0.0,1619820000000
2021-05-02 00:00:00,0.0,0.0,1619906400000
2021-05-03 00:00:00,0.0,0.0,1619992800000
2021-05-04 00:00:00,0.0,0.0,1620079200000
2021-05-05 00:00:00,0.0,0.0,1620165600000
2021-05-06 00:00:00,0.0,0.0,1620252000000
2021-05-07 00:00:00,0.0,0.0,1620338400000
2021-05-08 00:00:00,0.0,0.0,1620424800000
2021-05-09 00:00:00,0.0,0.0,1620511200000
2021-05-10 00:00:00,0.0,0.0,1620597600000
2021-05-11 00:00:00,0.0,0.0,1620684000000
2021-05-12 00:00:00,0.0,0.0,1620770400000
2021-05-13 00:00:00,0.0,0.0,1620856800000
2021-05-14 00:00:00,0.0,0.0,1620943200000
2021-05-15 00:00:00,0.0,0.0,1621029600000
2021-05-16 00:00:00,0.0,0.0,1621116000000
2021-05-17 00:00:00,0.0,0.0,1621202400000
2021-05-18 00:00:00,0.0,0.0,1621288800000
2021-05-19 00:00:00,0.0,0.0,1621375200000
2021-05-20 00:00:00,0.0,0.0,1621461600000
2021-05-21 00:00:00,0.0,0.0,1621548000000
2021-05-22 00:00:00,0.0,0.0,1621634400000
2021-05-23 00:00:00,0.0,0.0,1621720800000
2021-05-24 00:00:00,0.0,0.0,1621807200000
2021-05-25 00:00:00,875.2506019844453,280.107794760104,1621893600000
2021-05-26 00:00:00,1433.355815833307,504.6805835100746,1621980000000
2021-05-27 00:00:00,1365.396220016095,531.6974727032227,1622066400000
2021-05-28 00:00:00,1647.1534881077916,525.948812189464,1622152800000
2021-05-29 00:00:00,1381.3218721371222,374.71124273081415,1622239200000
2021-05-30 00:00:00,0.0,0.0,1622325600000
2021-05-31 00:00:00,0.0,0.0,1622412000000
2021-06-01 00:00:00,0.0,0.0,1622498400000
2021-06-02 00:00:00,0.0,0.0,1622584800000
2021-06-03 00:00:00,0.0,0.0,1622671200000
2021-06-04 00:00:00,0.0,0.0,1622757600000
2021-06-05 00:00:00,0.0,0.0,1622844000000
2021-06-06 00:00:00,0.0,0.0,1622930400000
2021-06-07 00:00:00,0.0,0.0,1623016800000
2021-06-08 00:00:00,0.0,0.0,1623103200000
2021-06-09 00:00:00,0.0,0.0,1623189600000
2021-06-10 00:00:00,0.0,0.0,1623276000000
2021-06-11 00:00:00,0.0,0.0,1623362400000
2021-06-12 00:00:00,0.0,0.0,1623448800000
2021-06-13 00:00:00,0.0,0.0,1623535200000
2021-06-14 00:00:00,0.0,0.0,1623621600000
2021-06-15 00:00:00,0.0,0.0,1623708000000
2021-06-16 00:00:00,0.0,0.0,1623794400000
2021-06-17 00:00:00,0.0,0.0,1623880800000
2021-06-18 00:00:00,0.0,0.0,1623967200000
2021-06-19 00:00:00,0.0,0.0,1624053600000
2021-06-20 00:00:00,3028.313894420825,1375.8063211782203,1624140000000
2021-06-21 00:00:00,14422.738816859057,6215.713443374367,1624226400000
2021-06-22 00:00:00,14857.605289930858,5546.755424051888,1624312800000
2021-06-23 00:00:00,9365.989461708044,4124.445870671877,1624399200000
2021-06-24 00:00:00,0.0,0.0,1624485600000
2021-06-25 00:00:00,0.0,0.0,1624572000000
2021-06-26 00:00:00,0.0,0.0,1624658400000
2021-06-27 00:00:00,0.0,0.0,1624744800000
2021-06-28 00:00:00,0.0,0.0,1624831200000
2021-06-29 00:00:00,0.0,0.0,1624917600000
2021-06-30 00:00:00,0.0,0.0,1625004000000
2021-07-01 00:00:00,0.0,0.0,1625090400000
2021-07-02 00:00:00,6039.576203883198,2796.8648246307266,1625176800000
2021-07-03 00:00:00,9032.283300750616,4718.337679122134,1625263200000
2021-07-04 00:00:00,7914.28667092101,4120.557637884603,1625349600000
2021-07-05 00:00:00,9079.31743060511,4636.9419936608,1625436000000
2021-07-06 00:00:00,0.0,0.0,1625522400000
2021-07-07 00:00:00,0.0,0.0,1625608800000
2021-07-08 00:00:00,0.0,0.0,1625695200000
2021-07-09 00:00:00,0.0,0.0,1625781600000
2021-07-10 00:00:00,0.0,0.0,1625868000000
2021-07-11 00:00:00,0.0,0.0,1625954400000
2021-07-12 00:00:00,0.0,0.0,1626040800000
2021-07-13 00:00:00,0.0,0.0,1626127200000
2021-07-14 00:00:00,0.0,0.0,1626213600000
2021-07-15 00:00:00,0.0,0.0,1626300000000
2021-07-16 00:00:00,396.4223046933225,123.24797087436372,1626386400000
2021-07-17 00:00:00,5248.459905665102,2420.461200761209,1626472800000
2021-07-18 00:00:00,9941.460874285767,5168.695530642197,1626559200000
2021-07-19 00:00:00,10382.123962164178,4936.078791246612,1626645600000
2021-07-20 00:00:00,10327.635367187266,4025.4875797652526,1626732000000
2021-07-21 00:00:00,13269.142923772906,5587.883368945999,1626818400000
2021-07-22 00:00:00,10934.522873218182,5286.221946463529,1626904800000
2021-07-23 00:00:00,15321.636711230018,7306.878550732667,1626991200000
2021-07-24 00:00:00,11016.613149506798,5106.441650332142,1627077600000
2021-07-25 00:00:00,3977.161974819493,1816.544413375976,1627164000000
2021-07-26 00:00:00,7001.618695432323,2427.175720939444,1627250400000
2021-07-27 00:00:00,4692.614300141658,2049.279015073521,1627336800000
2021-07-28 00:00:00,5188.627551355521,1976.296947179084,1627423200000
2021-07-29 00:00:00,5516.757697269331,2797.9910846391263,1627509600000
2021-07-30 00:00:00,12454.643290889182,5010.699205031675,1627596000000
2021-07-31 00:00:00,0.0,0.0,1627682400000
2021-08-01 00:00:00,0.0,0.0,1627768800000
2021-08-02 00:00:00,0.0,0.0,1627855200000
2021-08-03 00:00:00,0.0,0.0,1627941600000
2021-08-04 00:00:00,544.9662088328338,200.01293795952725,1628028000000
2021-08-05 00:00:00,4025.1401986720953,1513.67537223319,1628114400000
2021-08-06 00:00:00,5231.89093037485,2310.5659522405504,1628200800000
2021-08-07 00:00:00,4293.233537121344,1675.736386582377,1628287200000
2021-08-08 00:00:00,11321.257020887631,5059.762247177726,1628373600000
2021-08-09 00:00:00,16817.47976270742,7981.789691218796,1628460000000
2021-08-10 00:00:00,0.0,0.0,1628546400000
2021-08-11 00:00:00,0.0,0.0,1628632800000
2021-08-12 00:00:00,0.0,0.0,1628719200000
2021-08-13 00:00:00,0.0,0.0,1628805600000
2021-08-14 00:00:00,5231.356660308386,2727.6689256573454,1628892000000
2021-08-15 00:00:00,10313.371982929484,5043.048918526675,1628978400000
2021-08-16 00:00:00,11174.623596447864,5176.520135953993,1629064800000
2021-08-17 00:00:00,12795.848595722156,6470.2659939030245,1629151200000
2021-08-18 00:00:00,13983.39405899974,7254.157261994721,1629237600000
2021-08-19 00:00:00,11559.153703898724,5369.399420915394,1629324000000
2021-08-20 00:00:00,13394.389813542828,5982.144510496118,1629410400000
2021-08-21 00:00:00,3668.520463859289,1794.6417459718853,1629496800000
2021-08-22 00:00:00,0.0,0.0,1629583200000
2021-08-23 00:00:00,3370.273202154217,1513.1114447566322,1629669600000
2021-08-24 00:00:00,9299.209354449013,4510.429255836756,1629756000000
2021-08-25 00:00:00,15789.450919881396,8824.665238011929,1629842400000
2021-08-26 00:00:00,13838.309074537918,7175.900271785952,1629928800000
2021-08-27 00:00:00,0.0,0.0,1630015200000
2021-08-28 00:00:00,0.0,0.0,1630101600000
2021-08-29 00:00:00,0.0,0.0,1630188000000
2021-08-30 00:00:00,0.0,0.0,1630274400000
2021-08-31 00:00:00,0.0,0.0,1630360800000
2021-09-01 00:00:00,0.0,0.0,1630447200000
2021-09-02 00:00:00,0.0,0.0,1630533600000
2021-09-03 00:00:00,0.0,0.0,1630620000000
2021-09-04 00:00:00,0.0,0.0,1630706400000
2021-09-05 00:00:00,0.0,0.0,1630792800000
2021-09-06 00:00:00,0.0,0.0,1630879200000
2021-09-07 00:00:00,0.0,0.0,1630965600000
2021-09-08 00:00:00,0.0,0.0,1631052000000
2021-09-09 00:00:00,0.0,0.0,1631138400000
2021-09-10 00:00:00,8117.905688635989,3597.511497675605,1631224800000
2021-09-11 00:00:00,0.0,0.0,1631311200000
2021-09-12 00:00:00,0.0,0.0,1631397600000
2021-09-13 00:00:00,0.0,0.0,1631484000000
2021-09-14 00:00:00,0.0,0.0,1631570400000
2021-09-15 00:00:00,0.0,0.0,1631656800000
2021-09-16 00:00:00,0.0,0.0,1631743200000
2021-09-17 00:00:00,0.0,0.0,1631829600000
2021-09-18 00:00:00,0.0,0.0,1631916000000
2021-09-19 00:00:00,0.0,0.0,1632002400000
2021-09-20 00:00:00,0.0,0.0,1632088800000
2021-09-21 00:00:00,0.0,0.0,1632175200000
2021-09-22 00:00:00,0.0,0.0,1632261600000
2021-09-23 00:00:00,0.0,0.0,1632348000000
2021-09-24 00:00:00,0.0,0.0,1632434400000
2021-09-25 00:00:00,0.0,0.0,1632520800000
2021-09-26 00:00:00,0.0,0.0,1632607200000
2021-09-27 00:00:00,0.0,0.0,1632693600000
2021-09-28 00:00:00,0.0,0.0,1632780000000
2021-09-29 00:00:00,0.0,0.0,1632866400000
2021-09-30 00:00:00,0.0,0.0,1632952800000
2021-10-01 00:00:00,0.0,0.0,1633039200000
2021-10-02 00:00:00,0.0,0.0,1633125600000
2021-10-03 00:00:00,0.0,0.0,1633212000000
2021-10-04 00:00:00,0.0,0.0,1633298400000
2021-10-05 00:00:00,0.0,0.0,1633384800000
2021-10-06 00:00:00,0.0,0.0,1633471200000
2021-10-07 00:00:00,0.0,0.0,1633557600000
2021-10-08 00:00:00,0.0,0.0,1633644000000
2021-10-09 00:00:00,0.0,0.0,1633730400000
2021-10-10 00:00:00,0.0,0.0,1633816800000
2021-10-11 00:00:00,0.0,0.0,1633903200000
2021-10-12 00:00:00,0.0,0.0,1633989600000
2021-10-13 00:00:00,0.0,0.0,1634076000000
2021-10-14 00:00:00,0.0,0.0,1634162400000
2021-10-15 00:00:00,0.0,0.0,1634248800000
2021-10-16 00:00:00,0.0,0.0,1634335200000
2021-10-17 00:00:00,0.0,0.0,1634421600000
2021-10-18 00:00:00,7846.578984231047,3235.86185677583,1634508000000
2021-10-19 00:00:00,21111.505388266505,9344.659200499867,1634594400000
2021-10-20 00:00:00,10787.600665946267,4401.751109662163,1634680800000
2021-10-21 00:00:00,14428.62600976944,5698.492420210741,1634767200000
2021-10-22 00:00:00,18860.907595468914,9339.220924202102,1634853600000
2021-10-23 00:00:00,13393.984478295924,6697.0972521049,1634940000000
2021-10-24 00:00:00,0.0,0.0,1635026400000
2021-10-25 00:00:00,0.0,0.0,1635112800000
2021-10-26 00:00:00,0.0,0.0,1635199200000
2021-10-27 00:00:00,6996.2725735035465,2966.683592713173,1635285600000
2021-10-28 00:00:00,12189.597463955908,5695.244314133287,1635372000000
2021-10-29 00:00:00,11999.45350521944,5842.162762042491,1635458400000
2021-10-30 00:00:00,0.0,0.0,1635544800000
2021-10-31 00:00:00,0.0,0.0,1635631200000
2021-11-01 00:00:00,0.0,0.0,1635717600000
2021-11-02 00:00:00,0.0,0.0,1635804000000
2021-11-03 00:00:00,0.0,0.0,1635890400000
2021-11-04 00:00:00,8852.538674144098,4373.520397153742,1635976800000
2021-11-05 00:00:00,12299.615726475686,5836.401320890059,1636063200000
2021-11-06 00:00:00,15829.02110161862,7593.997810028265,1636149600000
2021-11-07 00:00:00,0.0,0.0,1636236000000
2021-11-08 00:00:00,0.0,0.0,1636322400000
2021-11-09 00:00:00,0.0,0.0,1636408800000
2021-11-10 00:00:00,0.0,0.0,1636495200000
2021-11-11 00:00:00,6492.539282189041,2922.204133666598,1636581600000
2021-11-12 00:00:00,13572.778504447711,6274.227058843603,1636668000000
2021-11-13 00:00:00,0.0,0.0,1636754400000
2021-11-14 00:00:00,0.0,0.0,1636840800000
2021-11-15 00:00:00,0.0,0.0,1636927200000
2021-11-16 00:00:00,0.0,0.0,1637013600000
2021-11-17 00:00:00,0.0,0.0,1637100000000
2021-11-18 00:00:00,11884.229083268045,5051.580418363653,1637186400000
2021-11-19 00:00:00,17709.79373232986,7592.427570333346,1637272800000
2021-11-20 00:00:00,0.0,0.0,1637359200000
2021-11-21 00:00:00,0.0,0.0,1637445600000
2021-11-22 00:00:00,0.0,0.0,1637532000000
2021-11-23 00:00:00,0.0,0.0,1637618400000
2021-11-24 00:00:00,2031.3433013434976,907.3982363730846,1637704800000
2021-11-25 00:00:00,13835.453116779836,7494.326964297908,1637791200000
2021-11-26 00:00:00,19991.768020825195,8467.643604767887,1637877600000
2021-11-27 00:00:00,0.0,0.0,1637964000000
2021-11-28 00:00:00,0.0,0.0,1638050400000
2021-11-29 00:00:00,0.0,0.0,1638136800000
2021-11-30 00:00:00,0.0,0.0,1638223200000
2021-12-01 00:00:00,0.0,0.0,1638309600000
2021-12-02 00:00:00,0.0,0.0,1638396000000
2021-12-03 00:00:00,0.0,0.0,1638482400000
2021-12-04 00:00:00,0.0,0.0,1638568800000
2021-12-05 00:00:00,0.0,0.0,1638655200000
2021-12-06 00:00:00,0.0,0.0,1638741600000
2021-12-07 00:00:00,0.0,0.0,1638828000000
2021-12-08 00:00:00,0.0,0.0,1638914400000
2021-12-09 00:00:00,0.0,0.0,1639000800000
2021-12-10 00:00:00,0.0,0.0,1639087200000
2021-12-11 00:00:00,1928.366625151634,803.9300926312444,1639173600000
2021-12-12 00:00:00,0.0,0.0,1639260000000
2021-12-13 00:00:00,0.0,0.0,1639346400000
2021-12-14 00:00:00,0.0,0.0,1639432800000
2021-12-15 00:00:00,0.0,0.0,1639519200000
2021-12-16 00:00:00,0.0,0.0,1639605600000
2021-12-17 00:00:00,7374.331626479881,3228.6801906751257,1639692000000
2021-12-18 00:00:00,0.0,0.0,1639778400000
2021-12-19 00:00:00,0.0,0.0,1639864800000
2021-12-20 00:00:00,0.0,0.0,1639951200000
2021-12-21 00:00:00,0.0,0.0,1640037600000
2021-12-22 00:00:00,0.0,0.0,1640124000000
2021-12-23 00:00:00,0.0,0.0,1640210400000
2021-12-24 00:00:00,0.0,0.0,1640296800000
2021-12-25 00:00:00,0.0,0.0,1640383200000
2021-12-26 00:00:00,0.0,0.0,1640469600000
2021-12-27 00:00:00,0.0,0.0,1640556000000
2021-12-28 00:00:00,0.0,0.0,1640642400000
2021-12-29 00:00:00,1193.607983705448,441.74309068808174,1640728800000
2021-12-30 00:00:00,8500.794172151713,3365.238636867072,1640815200000
2021-12-31 00:00:00,0.0,0.0,1640901600000
2022-01-01 00:00:00,0.0,0.0,1640988000000
2022-01-02 00:00:00,0.0,0.0,1641074400000
2022-01-03 00:00:00,0.0,0.0,1641160800000
2022-01-04 00:00:00,0.0,0.0,1641247200000
2022-01-05 00:00:00,0.0,0.0,1641333600000
2022-01-06 00:00:00,0.0,0.0,1641420000000
2022-01-07 00:00:00,0.0,0.0,1641506400000
2022-01-08 00:00:00,0.0,0.0,1641592800000
2022-01-09 00:00:00,0.0,0.0,1641679200000
2022-01-10 00:00:00,0.0,0.0,1641765600000
2022-01-11 00:00:00,4057.184345181274,1768.6755159661766,1641852000000
2022-01-12 00:00:00,14904.47811893904,6789.20037367791,1641938400000
2022-01-13 00:00:00,15052.860184012086,6648.996558346085,1642024800000
2022-01-14 00:00:00,10510.648322997438,5089.380306325289,1642111200000
2022-01-15 00:00:00,0.0,0.0,1642197600000
2022-01-16 00:00:00,0.0,0.0,1642284000000
2022-01-17 00:00:00,0.0,0.0,1642370400000
2022-01-18 00:00:00,0.0,0.0,1642456800000
2022-01-19 00:00:00,1087.78125623781,438.4016782665086,1642543200000
2022-01-20 00:00:00,7595.556264624925,3178.130443786042,1642629600000
2022-01-21 00:00:00,12782.601557936,4468.2312072703535,1642716000000
2022-01-22 00:00:00,24477.10174557333,9701.745464570453,1642802400000
2022-01-23 00:00:00,0.0,0.0,1642888800000
2022-01-24 00:00:00,0.0,0.0,1642975200000
2022-01-25 00:00:00,0.0,0.0,1643061600000
2022-01-26 00:00:00,0.0,0.0,1643148000000
2022-01-27 00:00:00,0.0,0.0,1643234400000
2022-01-28 00:00:00,0.0,0.0,1643320800000
2022-01-29 00:00:00,0.0,0.0,1643407200000
2022-01-30 00:00:00,0.0,0.0,1643493600000
2022-01-31 00:00:00,0.0,0.0,1643580000000
2022-02-01 00:00:00,0.0,0.0,1643666400000
2022-02-02 00:00:00,0.0,0.0,1643752800000
2022-02-03 00:00:00,0.0,0.0,1643839200000
2022-02-04 00:00:00,0.0,0.0,1643925600000
2022-02-05 00:00:00,0.0,0.0,1644012000000
2022-02-06 00:00:00,0.0,0.0,1644098400000
2022-02-07 00:00:00,0.0,0.0,1644184800000
2022-02-08 00:00:00,0.0,0.0,1644271200000
2022-02-09 00:00:00,8520.655119765286,3373.309455072865,1644357600000
2022-02-10 00:00:00,0.0,0.0,1644444000000
2022-02-11 00:00:00,0.0,0.0,1644530400000
2022-02-12 00:00:00,0.0,0.0,1644616800000
2022-02-13 00:00:00,0.0,0.0,1644703200000
2022-02-14 00:00:00,1794.004128300271,701.6862418917062,1644789600000
2022-02-15 00:00:00,2763.381563785861,1072.98994258288,1644876000000
2022-02-16 00:00:00,1018.2492883320384,434.756971981722,1644962400000
2022-02-17 00:00:00,5980.928535981335,2541.550542237164,1645048800000
2022-02-18 00:00:00,6235.112739615874,2643.906386869744,1645135200000
2022-02-19 00:00:00,0.0,0.0,1645221600000
2022-02-20 00:00:00,0.0,0.0,1645308000000
2022-02-21 00:00:00,0.0,0.0,1645394400000
2022-02-22 00:00:00,0.0,0.0,1645480800000
2022-02-23 00:00:00,0.0,0.0,1645567200000
2022-02-24 00:00:00,0.0,0.0,1645653600000
2022-02-25 00:00:00,0.0,0.0,1645740000000
2022-02-26 00:00:00,0.0,0.0,1645826400000
2022-02-27 00:00:00,0.0,0.0,1645912800000
2022-02-28 00:00:00,0.0,0.0,1645999200000
2022-03-01 00:00:00,0.0,0.0,1646085600000
2022-03-02 00:00:00,2863.7220962205784,1115.489307005825,1646172000000
2022-03-03 00:00:00,0.0,0.0,1646258400000
2022-03-04 00:00:00,0.0,0.0,1646344800000
2022-03-05 00:00:00,0.0,0.0,1646431200000
2022-03-06 00:00:00,2487.4842947409734,1014.4275615442758,1646517600000
2022-03-07 00:00:00,7552.12533219393,2968.5829604988267,1646604000000
2022-03-08 00:00:00,1670.750121586747,605.4544219583327,1646690400000
2022-03-09 00:00:00,5065.413868490967,1901.155520268092,1646776800000
2022-03-10 00:00:00,10426.539558058234,4296.447805336858,1646863200000
2022-03-11 00:00:00,0.0,0.0,1646949600000
2022-03-12 00:00:00,0.0,0.0,1647036000000
2022-03-13 00:00:00,0.0,0.0,1647122400000
2022-03-14 00:00:00,1124.4178457144708,438.51957473544974,1647208800000
2022-03-15 00:00:00,10241.98764274416,4469.360899661516,1647295200000
2022-03-16 00:00:00,13757.58305894302,6140.462638474753,1647381600000
2022-03-17 00:00:00,7695.299862367962,3531.0121114627086,1647468000000
2022-03-18 00:00:00,7171.021420972745,3193.359046992161,1647554400000
2022-03-19 00:00:00,6293.553747287105,2996.291600483181,1647640800000
2022-03-20 00:00:00,6408.243295265977,3160.3291962233534,1647727200000
2022-03-21 00:00:00,9945.442618653173,4750.177006314122,1647813600000
2022-03-22 00:00:00,26.13036435786436,11.381121933621934,1647900000000
2022-03-23 00:00:00,8667.704701213997,3947.776849469446,1647986400000
2022-03-24 00:00:00,17168.249919855938,7371.889539580789,1648072800000
2022-03-25 00:00:00,0.0,0.0,1648159200000
2022-03-26 00:00:00,0.0,0.0,1648245600000
2022-03-27 00:00:00,0.0,0.0,1648332000000
2022-03-28 00:00:00,0.0,0.0,1648418400000
2022-03-29 00:00:00,0.0,0.0,1648504800000
2022-03-30 00:00:00,0.0,0.0,1648591200000
2022-03-31 00:00:00,0.0,0.0,1648677600000
2022-04-01 00:00:00,0.0,0.0,1648764000000
2022-04-02 00:00:00,0.0,0.0,1648850400000
2022-04-03 00:00:00,0.0,0.0,1648936800000
2022-04-04 00:00:00,0.0,0.0,1649023200000
2022-04-05 00:00:00,0.0,0.0,1649109600000
2022-04-06 00:00:00,0.0,0.0,1649196000000
2022-04-07 00:00:00,0.0,0.0,1649282400000
2022-04-08 00:00:00,0.0,0.0,1649368800000
2022-04-09 00:00:00,0.0,0.0,1649455200000
2022-04-10 00:00:00,0.0,0.0,1649541600000
2022-04-11 00:00:00,0.0,0.0,1649628000000
2022-04-12 00:00:00,0.0,0.0,1649714400000
2022-04-13 00:00:00,6140.702066964561,2744.7174175156856,1649800800000
2022-04-14 00:00:00,9420.13724242073,4218.108573821431,1649887200000
2022-04-15 00:00:00,14093.132137848594,6520.605106543038,1649973600000
2022-04-16 00:00:00,15565.904070710154,7611.165876595186,1650060000000
2022-04-17 00:00:00,3230.7016911010164,1269.0129056155183,1650146400000
2022-04-18 00:00:00,18948.91963864751,8198.12866804558,1650232800000
2022-04-19 00:00:00,20185.40400911324,10001.402787226,1650319200000
2022-04-20 00:00:00,3796.615521894772,1757.471235492682,1650405600000
2022-04-21 00:00:00,10263.631650559537,4409.345535672661,1650492000000
2022-04-22 00:00:00,14320.279351504976,6768.66573610054,1650578400000
2022-04-23 00:00:00,0.0,0.0,1650664800000
2022-04-24 00:00:00,0.0,0.0,1650751200000
2022-04-25 00:00:00,0.0,0.0,1650837600000
2022-04-26 00:00:00,0.0,0.0,1650924000000
2022-04-27 00:00:00,713.5167933224184,237.64606222943723,1651010400000
2022-04-28 00:00:00,8384.798991563332,3243.60366170668,1651096800000
2022-04-29 00:00:00,7706.259104684337,3292.082889541345,1651183200000
2022-04-30 00:00:00,13350.615931746052,6120.370419219339,1651269600000
2022-05-01 00:00:00,16645.720279585163,7124.041435803614,1651356000000
2022-05-02 00:00:00,12931.79692820386,5396.1186724122135,1651442400000
2022-05-03 00:00:00,0.0,0.0,1651528800000
2022-05-04 00:00:00,0.0,0.0,1651615200000
2022-05-05 00:00:00,0.0,0.0,1651701600000
2022-05-06 00:00:00,0.0,0.0,1651788000000
2022-05-07 00:00:00,0.0,0.0,1651874400000
2022-05-08 00:00:00,0.0,0.0,1651960800000
2022-05-09 00:00:00,0.0,0.0,1652047200000
2022-05-10 00:00:00,4431.954872550399,1633.0026747673624,1652133600000
2022-05-11 00:00:00,6083.405684340572,1840.9154009349336,1652220000000
2022-05-12 00:00:00,14161.724176551545,4450.997161825739,1652306400000
2022-05-13 00:00:00,13673.409466328434,4939.9520293323,1652392800000
2022-05-14 00:00:00,0.0,0.0,1652479200000
2022-05-15 00:00:00,0.0,0.0,1652565600000
2022-05-16 00:00:00,0.0,0.0,1652652000000
2022-05-17 00:00:00,0.0,0.0,1652738400000
2022-05-18 00:00:00,0.0,0.0,1652824800000
2022-05-19 00:00:00,0.0,0.0,1652911200000
2022-05-20 00:00:00,0.0,0.0,1652997600000
2022-05-21 00:00:00,0.0,0.0,1653084000000
2022-05-22 00:00:00,7015.494220079874,3411.9912471899192,1653170400000
2022-05-23 00:00:00,1658.7914935362255,688.7920903818404,1653256800000
2022-05-24 00:00:00,6242.722763463058,2404.39699402978,1653343200000
2022-05-25 00:00:00,4316.993556150319,1565.416369329384,1653429600000
2022-05-26 00:00:00,6200.9480554844085,2366.547929056123,1653516000000
2022-05-27 00:00:00,4364.478562674099,1570.621085599145,1653602400000
2022-05-28 00:00:00,1558.275226354884,564.4560699799539,1653688800000
2022-05-29 00:00:00,5385.482087357197,2180.0494212626,1653775200000
2022-05-30 00:00:00,5226.249595597765,2014.9460650370847,1653861600000
2022-05-31 00:00:00,5805.49344291621,2052.0152552658983,1653948000000
2022-06-01 00:00:00,6879.668518216041,2480.888065581184,1654034400000
2022-06-02 00:00:00,3370.850280351923,1272.7126563829688,1654120800000
2022-06-03 00:00:00,9572.13160806995,3522.9611747158265,1654207200000
2022-06-04 00:00:00,2147.097308659484,1169.1126761435214,1654293600000
2022-06-05 00:00:00,0.0,0.0,1654380000000
2022-06-06 00:00:00,0.0,0.0,1654466400000
2022-06-07 00:00:00,0.0,0.0,1654552800000
2022-06-08 00:00:00,0.0,0.0,1654639200000
2022-06-09 00:00:00,0.0,0.0,1654725600000
2022-06-10 00:00:00,0.0,0.0,1654812000000
2022-06-11 00:00:00,0.0,0.0,1654898400000
2022-06-12 00:00:00,0.0,0.0,1654984800000
2022-06-13 00:00:00,0.0,0.0,1655071200000
2022-06-14 00:00:00,5638.753929680527,1530.2464487980274,1655157600000
2022-06-15 00:00:00,18112.60531031932,5186.281687258699,1655244000000
2022-06-16 00:00:00,0.0,0.0,1655330400000
2022-06-17 00:00:00,5414.845508385463,1380.9780495549423,1655416800000
2022-06-18 00:00:00,9396.176572969469,2416.605807578775,1655503200000
2022-06-19 00:00:00,4390.395203341092,1237.465086951048,1655589600000
2022-06-20 00:00:00,0.0,0.0,1655676000000
2022-06-21 00:00:00,0.0,0.0,1655762400000
2022-06-22 00:00:00,0.0,0.0,1655848800000
2022-06-23 00:00:00,8597.067813913389,3097.039063593123,1655935200000
2022-06-24 00:00:00,1713.4751367719582,523.8371664506129,1656021600000
2022-06-25 00:00:00,7484.238172505735,2754.1220255912017,1656108000000
2022-06-26 00:00:00,9690.480091438323,3666.560056730968,1656194400000
2022-06-27 00:00:00,0.0,0.0,1656280800000
2022-06-28 00:00:00,2641.25007086312,953.2778402163012,1656367200000
2022-06-29 00:00:00,11271.876369853811,4144.365048706554,1656453600000
2022-06-30 00:00:00,0.0,0.0,1656540000000
2022-07-01 00:00:00,0.0,0.0,1656626400000
2022-07-02 00:00:00,2278.868985651694,784.3827710781283,1656712800000
2022-07-03 00:00:00,4334.215805653342,1556.1070931046468,1656799200000
2022-07-04 00:00:00,0.0,0.0,1656885600000
2022-07-05 00:00:00,0.0,0.0,1656972000000
2022-07-06 00:00:00,0.0,0.0,1657058400000
2022-07-07 00:00:00,0.0,0.0,1657144800000
2022-07-08 00:00:00,0.0,0.0,1657231200000
2022-07-09 00:00:00,0.0,0.0,1657317600000
2022-07-10 00:00:00,0.0,0.0,1657404000000
2022-07-11 00:00:00,1860.5847022232613,564.5210694962004,1657490400000
2022-07-12 00:00:00,5245.445020239681,1639.7670530606958,1657576800000
2022-07-13 00:00:00,9566.514327195851,2901.686468876552,1657663200000
2022-07-14 00:00:00,11077.414455157024,4023.041179696788,1657749600000
2022-07-15 00:00:00,9579.905834204386,3556.0361032710675,1657836000000
2022-07-16 00:00:00,8612.760525711157,3231.040464824753,1657922400000
2022-07-17 00:00:00,4215.00352910143,1331.9570654893448,1658008800000
